-,Unit,Line,Order No,Style Name,TGT,08-Sep,09-Oct,10-Nov,11-Dec,Dec-13,14-15,15-16,16-17,17-18,18-19,19-20,20-21,21-22,22-23,23-24,12-1(N),1-2(N),2-3(N),Total,Avg.Prod.
  ,JAL-1,A1,2024/23181 HM::TOP,310398-7616 DRAGONFLY DRESS (ALT-28),186,240,250,230,240,250,230,240,240,,,,,,,,,,,1920,240
  ,JAL-1,B1,2024/23236 HM::TOP,310575-7616 SUE TEE (ALT-08),202,205,210,200,205,210,200,205,210,200,185,,,,,,,,,2030,203
  ,JAL-1,B2,2024/23279 HM::TOP,310919-7616 EVELYN TOP (ALT-03),187,200,210,190,200,210,190,200,210,200,190,,,,,,,,,2000,200
  ,JAL-1,C1,2024/16269 HM::BTM-2,228098-7930 VICKY LEGGING 2PACK PACK-01,309,16-Oct,26-Oct,06-Oct,16-Oct,Oct-00,280,290,290,,,,,,,,,,,2320,290
  ,JAL-1,C2,2024/16209 CA::TOP,2236434C2CR INDINA 25 STRIPE DOF 2236433,73,100,105,95,100,105,95,100,100,,,,,,,,,,,800,100
  ,JAL-1,D2,2024/22403 CA::T SHIRT,SS T-SHIRT SURFING SKELETON PRINT TAYLOR M,185,185,190,180,185,190,180,185,185,,,,,,,,,,,1480,185
  ,JAL-1,E1,2024/23172 HM::BTM,307310-6525 SANNA SUMMER SET 2PCS,206,220,230,210,220,230,210,220,220,,,,,,,,,,,1760,220
  ,JAL-1,E2,2024/23172 HM::TOP,307310-6525 SANNA SUMMER SET 2PCS,195,28-Jul,07-Aug,18-Jul,28-Jul,Aug-00,200,210,195,,,,,,,,,,,1665,208
  ,JAL-1,F1,2024/21536 CA::T-SHIRT,2234730 LICENSE LILO STITCH SS T SHIRT DOF 2233617,200,200,210,190,200,210,190,200,200,,,,,,,,,,,1600,200
  ,JAL-1,G1,2024/24401 CA::TOP,2224397C2CR15-QR-NOS-2224397 BOBBY 24 SOLID M,173,185,190,180,185,190,180,185,185,,,,,,,,,,,1480,185
  ,JAL-1,G2,2024/23181 HM::TOP,310398-7616 DRAGONFLY DRESS (ALT-28),173,240,06-Sep,17-Aug,27-Aug,Sep-00,230,240,240,,,,,,,,,,,1920,240
  ,MC#232Op#203Hp#57Line#11     Total Production of JAL-1,,,,2089,2275,2365,2185,2275,2365,2185,2275,2275,400,375,0,0,0,0,0,0,0,0,18975,
  ,"Acting Input Man (Op#0 / Hp#1) , Lv In Case of Emergency (Op#1 / Hp#0) , Scissoring (Op#3 / Hp#0) , Working At Heat Seal (Op#3 / Hp#0)",,,,"TOTAL OFT-Op#7, Hp#1",,,,,,,,,,,,,,,,,,,,
-,Unit,Line,Order No,Style Name,TGT,08-Sep,09-Oct,10-Nov,11-Dec,Dec-13,14-15,15-16,16-17,17-18,18-19,19-20,20-21,21-22,22-23,23-24,12-1(N),1-2(N),2-3(N),Total,Avg.Prod.
    ,JAL-2,A1,2024/21866 CA::TOP,2240044-2240044 BOBBY 25 AOP DOF 2224397,237,28-Jun,08-Jul,18-Jul,28-Jul,Aug-00,200,220,210,220,230,425,350,392,,,,,,3247,269
    ,JAL-2,A2,2024/23236 HM::TOP,310575-7616 SUE TEE (ALT-08),225,120,140,100,160,180,150,180,190,200,250,350,,,,,,,,2020,209
    ,JAL-2,B1,2024/23434 HM::TOP,313895 TEE TATE,204,180,190,170,180,190,170,200,190,220,230,255,200,200,,,,,,2575,198
    ,JAL-2,C1,2024/18391 CA::T-SHIRT,C2C-2236632-INAYA SLEEVELESS,240,0,40,60,80,24,25,25,39,,,,,,,,,,,293,37
    ,JAL-2,D1,2024/23279 HM::TOP,310919-7616 EVELYN TOP (ALT-03),266,160,180,200,220,200,210,220,230,210,220,230,220,320,,,,,,2820,223
    ,JAL-2,E1,2024/23421 HM::TOP,310741-7920 KAJSA SET (ALT-03),178,120,150,160,150,170,160,170,160,,,,,,,,,,,1240,155
    ,JAL-2,F1,2024/21433 VS::TOP,AB-4629-4634-4635-4636-4639-NGH1616,209,120,140,160,190,210,280,360,320,,,,,,,,,,,1780,223
    ,JAL-2,G1,2024/23434 HM::TOP,313895 TEE TATE,182,160,200,210,220,160,170,210,230,110,100,105,100,225,,,,,,2200,206
    ,JAL-2,G2,2024/23236 HM::TOP,310575-7616 SUE TEE (ALT-08),225,18-Jul,17-Aug,07-Aug,27-Aug,Aug-00,240,230,240,210,300,310,,,,,,,,2650,241
    ,JAL-2,H1,2024/23421 HM::BTM,310741-7920 KAJSA SET (ALT-03),258,180,190,200,190,220,230,220,230,380,385,300,,,,,,,,2725,280
    ,JAL-2,H2,2024/15129 CA::TANKTOP,2234644 DANELLE NEW M,241,,,,,,,95,240,150,155,190,245,310,,,,,,1385,226
    ,JAL-2,H2,2024/22749 HM::TOP,306052 TANK TOP HALLE,230,200,210,230,220,230,240,135,,,,,,,,,,,,1465,226
  ,MC#252Op#247Hp#61Line#11     Total Production of JAL-2,,,,2695,1620,1860,1910,2060,2034,2075,2265,2279,1700,1870,2165,1115,1447,0,0,0,0,0,24400,
  ,"Scissoring (Op#5 / Hp#0) , Working At Heat Seal (Op#1 / Hp#1)",,,,"TOTAL OFT-Op#6, Hp#1",,,,,,,,,,,,,,,,,,,,
-,Unit,Line,Order No,Style Name,TGT,08-Sep,09-Oct,10-Nov,11-Dec,Dec-13,14-15,15-16,16-17,17-18,18-19,19-20,20-21,21-22,22-23,23-24,12-1(N),1-2(N),2-3(N),Total,Avg.Prod.
    ,JAL-3,A,2024/23181 HM::TOP,310398-7616 DRAGONFLY DRESS (ALT-28),190,08-Jun,23-Jun,28-Jun,29-May,Jun-00,155,165,200,210,200,235,,,,,,,,1990,183
    ,JAL-3,B,2024/22001 HM::TOP,292416-7616 DRAGONFLY DRESS (ALT-19),203,165,155,170,165,160,170,160,140,150,145,140,,,,,,,,1720,159
    ,JAL-3,C,2024/20676 HM::TOP,279099-7648 HAPPY TEE CW 15,215,175,160,180,170,190,170,165,180,180,160,250,,,,,,,,1980,183
    ,JAL-3,D,2024/22001 HM::TOP,292416-7616 DRAGONFLY DRESS (ALT-19),203,08-Jun,29-May,28-Jun,13-Jun,Jun-00,155,160,140,150,140,160,,,,,,,,1720,159
    ,JAL-3,E,2024/23181 HM::TOP,310398-7616 DRAGONFLY DRESS (ALT-28),178,170,165,160,155,160,165,180,140,150,140,155,,,,,,,,1740,160
  ,MC#81Op#81Hp#21Line#5     Total Production of JAL-3,,,,989,830,805,870,805,830,815,830,800,840,785,940,0,0,0,0,0,0,0,9150,
  ,,,,,"TOTAL OFT-Op#0, Hp#0",,,,,,,,,,,,,,,,,,,,
-,Unit,Line,Order No,Style Name,TGT,08-Sep,09-Oct,10-Nov,11-Dec,Dec-13,14-15,15-16,16-17,17-18,18-19,19-20,20-21,21-22,22-23,23-24,12-1(N),1-2(N),2-3(N),Total,Avg.Prod.
    ,FFL-1,A1,2024/21774 HM::TOP1,294307 APLE TOP,156,80,75,85,80,75,85,80,75,85,80,75,85,80,75,85,,,,1200,80
    ,FFL-1,B1,2024/23181 HM::TOP,310398-7616 DRAGONFLY DRESS (ALT-28),137,175,170,180,175,170,180,175,185,,,,,,,,,,,1410,176
    ,FFL-1,C1,2024/22655 HM::TOP,305361 360 TIGONEE TWO VEST,96,100,95,105,100,95,105,95,105,,,,,,,,,,,800,100
    ,FFL-1,D1,2024/23494 HM::TOP,318688+89-1037 NIKO T SHIRT,186,140,145,135,140,145,135,140,135,130,145,150,135,140,145,140,,,,2100,140
    ,FFL-1,E1,2024/22685 HM::TOP,306210 HAPPY TEE C.W-21,172,160,155,165,160,155,165,160,155,165,160,155,165,180,,,,,,2100,162
    ,FFL-1,E2,2024/23298 HM::TOP,314116-4087 NAEMI T SHIRT,172,140,135,145,140,135,145,140,135,145,140,135,145,140,135,145,,,,2100,140
    ,FFL-1,F1,2024/21774 HM::TOP,294307 APLE TOP,163,90,85,95,90,85,95,90,85,95,90,85,95,90,85,95,,,,1350,90
    ,FFL-1,G1,2024/22685 HM::TOP,306210 HAPPY TEE C.W-21,215,200,195,205,200,195,205,200,195,205,200,195,205,200,,,,,,2600,200
    ,FFL-1,G2,2024/22201 HM::TOP,300326-4087 MARIANNE T SHIRT,114,80,75,85,80,75,85,75,85,,,,,,,,,,,640,80
  ,MC#232Op#221Hp#51Line#9     Total Production of FFL-1,,,,1411,10-Mar,03-Feb,14-Apr,10-Mar,Feb-03,1200,1155,1155,825,815,795,830,830,440,465,0,0,0,14300,
  ,"Alter Repairing (Op#2 / Hp#1) , Scissoring (Op#1 / Hp#4) , Working At Heat Seal (Op#2 / Hp#0)",,,,"TOTAL OFT-Op#5, Hp#5",,,,,,,,,,,,,,,,,,,,
-,Unit,Line,Order No,Style Name,TGT,08-Sep,09-Oct,10-Nov,11-Dec,Dec-13,14-15,15-16,16-17,17-18,18-19,19-20,20-21,21-22,22-23,23-24,12-1(N),1-2(N),2-3(N),Total,Avg.Prod.
    ,FFL-2,A1,2024/17963 CA::TOP,2236433C2CR1 Indina 25 solid M,189,120,130,120,130,120,130,120,100,110,120,120,130,150,50,50,,,,1700,139
    ,FFL-2,B1,2024/17963 CA::TOP,2236433C2CR1 Indina 25 solid M,192,170,180,170,165,170,165,170,180,170,160,190,180,170,140,145,,,,2525,168
    ,FFL-2,C1,2024/23236 HM::TOP,310575-7616 SUE TEE (ALT-08),191,28-Jun,23-Jun,29-Apr,190,Jun-00,200,210,220,210,220,190,180,230,,,,,,2490,192
    ,FFL-2,D1,2024/19871 VS::TOP,AM2953AM2964 HETTY TOP,75,60,40,60,60,60,90,60,65,30,30,30,,,,,,,,585,58
    ,FFL-2,D1,2024/21147 HM::TOP,981619-6545 SIXTEN SWEATER FLEECE,226,,,,,,,,,,,,50,50,,,,,,100,58
    ,FFL-2,D2,2024/23181 HM::TOP,310398-7616 DRAGONFLY DRESS (ALT-28),194,210,215,210,215,210,200,210,200,220,150,130,225,210,,,,,,2605,200
    ,FFL-2,E1,2024/23192 HM::TOP,308760-4215 AUGUST LIC SL PJ KB,194,180,190,180,190,180,190,180,190,210,250,205,,,,,,,,2145,195
    ,FFL-2,F1,2024/23523 HM::BTM,317684-7930 DIXIE SHORTS (ALT-02 - 03),219,180,200,190,200,195,230,185,210,220,210,220,280,330,150,155,,,,3155,210
    ,FFL-2,G1,2024/23174 HM::BOTTOM,308759-4215 AUGUST LIC SL PJ KB,198,200,210,195,200,200,190,219,200,,,,,,,,,,,1614,211
    ,FFL-2,G1,2024/23192 HM::BOTTOM,308760-4215 AUGUST LIC SL PJ KB,185,,,,,,,,,210,200,220,230,271,,,,,,1131,211
    ,FFL-2,G2,2024/23181 HM::TOP,310398-7616 DRAGONFLY DRESS (ALT-28),194,02-Aug,18-Jul,18-Jul,28-Jul,Jul-00,210,200,210,220,230,200,280,260,,,,,,2835,218
  ,MC#240Op#211Hp#50Line#9     Total Production of FFL-2,,,,2057,1515,1540,1445,1560,1500,1605,1554,1575,1600,1570,1505,1555,1671,340,350,0,0,0,20885,
  ,"Acting Input Man (Op#0 / Hp#1) , Acting Supervisor (Op#1 / Hp#0) , Drawstring Attach (Op#5 / Hp#2) , Scissoring (Op#6 / Hp#0) , Work after line Lv (Op#4 / Hp#4)",,,,"TOTAL OFT-Op#16, Hp#7",,,,,,,,,,,,,,,,,,,,
-,Unit,Line,Order No,Style Name,TGT,08-Sep,09-Oct,10-Nov,11-Dec,Dec-13,14-15,15-16,16-17,17-18,18-19,19-20,20-21,21-22,22-23,23-24,12-1(N),1-2(N),2-3(N),Total,Avg.Prod.
    ,FFL-3,A1,2024/23181 HM::TOP,310398-7616 DRAGONFLY DRESS (ALT-28),249,200,205,210,250,141,,,,,,,,,,,,,,1006,201
    ,FFL-3,B1,2024/20100 VS::TOP,AW4029-AW4030-AW4102-AK7113-STEVIE MINI DRESS,131,115,115,110,120,115,120,114,130,125,120,115,96,140,30,35,,,,1600,118
    ,FFL-3,C1,2024/21510 CA::T-SHIRT,2234468 SS T-SHIRT DOF 2234717,212,180,185,175,200,205,185,195,190,195,190,230,45,45,40,50,,,,2310,194
    ,FFL-3,C2,2024/21433 VS::TOP,AB-4629-4634-4635-4636-4639-NGH1616,174,140,125,125,140,140,130,105,140,150,160,175,150,160,,,,,,1840,142
    ,FFL-3,D1,2024/16292 HM::BTM,1193717-51-218 MELINA RIB LEGGINGS-ALT-01,213,180,185,175,185,Jul-00,185,185,195,60,50,55,,,,,,,,1645,186
    ,FFL-3,E1,2024/23523 HM::BTM,317684-7930 DIXIE SHORTS (ALT-02 - 03),247,190,185,185,180,190,210,205,215,200,210,230,,,,,,,,2200,200
    ,FFL-3,F1,2024/23236 HM::TOP,310575-7616 SUE TEE (ALT-08),214,190,190,185,205,200,185,200,200,195,185,190,155,190,185,190,,,,2845,190
    ,FFL-3,F2,2024/22194 CA::TEE,DIS-2236369,196,180,190,180,195,190,195,190,200,190,200,190,185,160,175,201,,,,2821,188
    ,FFL-3,G1,2024/22194 CA::BTM,DIS-2236369,199,185,190,190,180,185,200,190,185,180,180,185,178,175,180,200,,,,2783,186
    ,FFL-3,G2,2024/22940 CA::T SHIRT 1,2236883 R2,198,08-Jul,03-Jul,28-Jun,08-Jul,,,,,,,,,,,,,,,745,186
  ,MC#227Op#213Hp#52Line#10     Total Production of FFL-3,,,,2033,1750,1755,1715,1845,1556,1410,1384,1455,1295,1295,1370,809,870,610,676,0,0,0,19795,
  ,"Lv In Case of Emergency (Op#3 / Hp#0) , Scissoring (Op#2 / Hp#3) , Working At Heat Seal (Op#2 / Hp#0)",,,,"TOTAL OFT-Op#7, Hp#3",,,,,,,,,,,,,,,,,,,,
-,Unit,Line,Order No,Style Name,TGT,08-Sep,09-Oct,10-Nov,11-Dec,Dec-13,14-15,15-16,16-17,17-18,18-19,19-20,20-21,21-22,22-23,23-24,12-1(N),1-2(N),2-3(N),Total,Avg.Prod.
    ,JFL-1,A1,2024/18469 GE::D2,OGSPP1396 EASTER 3PK PLAYSUIT,0,,,,,,,,,,,,,,,268,,,,268,139
    ,JFL-1,A1,2024/18469 GE::D3,OGSPP1396 EASTER 3PK PLAYSUIT,170,70,130,125,130,125,120,150,140,120,130,90,100,237,130,,,,,1797,139
    ,JFL-1,A2,2024/21809 BES::SWEATSHIRT,13220321R7 NKMVIMO LS SWEAT BRU NOOS,133,120,130,120,130,120,130,120,130,120,114,130,100,126,,,,,,1590,125
    ,JFL-1,B1,2024/21336 BES::PLAYSUIT-2,13249436 TKFLOX 2P SL PLAYSUIT NOOS,134,100,80,100,80,85,80,80,85,90,50,40,,,,,,,,870,89
    ,JFL-1,B3,2024/19632 GE::TEES 1,BGSPP1270 DCO NEON PEPLUM TEE SHORT SET,113,100,130,60,70,80,100,80,110,110,120,120,125,95,,,,,,1300,131
    ,JFL-1,C1,2024/18750 GE::S1,BTBPP1296 3PK SS PRINTED TEES,195,,,,,,59,170,180,180,170,170,180,29,,,,,,1138,182
    ,JFL-1,C1,2024/18750 GE::S2,BTBPP1296 3PK SS PRINTED TEES,0,,,,,,,,,,,,,141,270,270,,,,681,182
    ,JFL-1,C1,2024/18750 GE::S3,BTBPP1296 3PK SS PRINTED TEES,195,150,190,190,140,150,91,,,,,,,,,,,,,911,182
    ,JFL-1,C3,2024/19469 GE::T,OGSPP1397 EASTER PACK SET MEU,147,,,,,,70,100,110,120,130,150,160,259,,,,,,1099,157
    ,JFL-1,C3,2024/21393 BES::TOP-3,13247558 TKFRIX 3P SL SHORT TOP NOOS,271,200,200,150,50,51,,,,,,,,,,,,,,651,157
    ,JFL-1,D1,2024/21291 BES::TEE-3,13245959R2 TKFJOX 3P SS TOP NOOS,159,100,150,140,150,140,150,160,195,,,,,,,,,,,1185,148
    ,JFL-1,D2,2024/19469 GE::S,OGSPP1397 EASTER PACK SET MEU,155,120,180,230,200,200,200,190,,30,50,,,,,,,,,1400,187
    ,JFL-1,D2,2024/21158 GE::LEGGINGS 2,DCO 3PK NEWBORN LEGS,166,,,,,,,,198,,,,,,,,,,,198,187
    ,JFL-1,D3,2024/18496 GE::TEES 1,BGSPP1256 DCO 3PK BRIGHT FLOWER TEES,26,,,,,,,,,100,120,,,,,,,,,220,184
    ,JFL-1,D3,2024/20599 BES::TOP,13244091 NKMVALIX SS RLX TOP,181,150,180,185,180,190,180,140,76,,,,,,,,,,,1281,184
    ,JFL-1,E1,2024/20890 GE::SHORT 1,MBBPP1077 G 3PK SHORTS,128,120,125,120,120,125,120,120,125,120,125,130,130,125,145,150,,,,1900,131
    ,JFL-1,E3,2024/19932 BES::PANT,13246933 NBFOMADS LOOSE SWEAT PANT LIL,77,,,,,,70,90,95,90,95,60,60,200,,,,,,760,86
    ,JFL-1,E3,2024/21798 BES::SWEATPANT-1,13212948R16 NBNTAKKI 2P SWEAT PANT NOOS,92,50,60,50,100,94,,,,,,,,,,,,,,354,86
    ,JFL-1,F1,2024/19601 GE::TEES 1,BYSPP1301 BOUND CARTOON PJ,235,,,,,,,,,240,250,400,117,,,,,,,1007,176
    ,JFL-1,F1,2024/20635 BES::TOP,13244028 NKMVEBBE SS RLX TOP,0,,,,,,,,,,,,,100,100,120,,,,320,176
    ,JFL-1,F1,2024/21155 GE::TEES 3,DCO 3PK NEWBORN TOPS,268,180,210,200,200,200,200,200,88,,,,,,,,,,,1478,176
    ,JFL-1,F2,2024/19469 GE::S,OGSPP1397 EASTER PACK SET MEU,166,200,210,200,200,200,210,200,345,0,0,,,,,,,,,1765,211
    ,JFL-1,F3,2024/20527 BES::TOP,13230152 NMFVIVEMMA SS SLIM TOP,147,180,170,180,170,180,170,180,170,180,170,170,170,210,0,0,,,,2300,173
    ,JFL-1,G1,2024/21237 BES::SHORTS-1,13247555 TBNRIX 2P CYCLE SHORTS NOOS,153,94,,,,,,,,,,,,,,,,,,94,185
    ,JFL-1,G1,2024/21237 BES::SHORTS-2,13247555 TBNRIX 2P CYCLE SHORTS NOOS,175,,144,130,120,Apr-00,100,150,130,100,110,220,230,234,,,,,,1778,185
    ,JFL-1,G2,2024/21237 BES::SHORTS-1,13247555 TBNRIX 2P CYCLE SHORTS NOOS,175,08-Jul,18-Jun,28-Jun,18-Jun,190,170,150,130,100,80,100,140,145,,,,,,1915,196
  ,MC#320Op#302Hp#58Line#16     Total Production of JFL-1,,,,3661,2124,2459,2360,2210,2240,2220,2280,2307,1700,1714,1780,1512,1901,645,808,0,0,0,28260,
  ,"Acting Input Man (Op#0 / Hp#4) , Acting Supervisor (Op#3 / Hp#0) , Lv In Case of Emergency (Op#2 / Hp#0)",,,,"TOTAL OFT-Op#5, Hp#4",,,,,,,,,,,,,,,,,,,,
-,Unit,Line,Order No,Style Name,TGT,08-Sep,09-Oct,10-Nov,11-Dec,Dec-13,14-15,15-16,16-17,17-18,18-19,19-20,20-21,21-22,22-23,23-24,12-1(N),1-2(N),2-3(N),Total,Avg.Prod.
    ,JFL-2,A1,2024/20880 GE::SHORT 1,BGSPP1580 NU 3PK RIB ANIMAL SHRTS,139,,,,180,185,180,185,190,170,190,20,25,30,,,,,,1355,178
    ,JFL-2,A1,2024/20880 GE::SHORT 2,BGSPP1580 NU 3PK RIB ANIMAL SHRTS,171,180,185,190,,,,,,,,,,,,,,,,555,178
    ,JFL-2,A3,2024/17858 GE::TEES 1,BGSPP1260 DCO ICE CREAM TEE,161,,,,,,138,170,175,170,170,30,50,125,,,,,,1028,146
    ,JFL-2,A3,2024/20273 BES::LS BODY,13248711 NBFHANNAH SS BODY BOX,135,165,170,175,160,170,32,,,,,,,,,,,,,872,146
    ,JFL-2,B1,2024/19081 GE::TEES 1,BGSPP1181 PN PICNIC TEE,205,23-Jul,28-Jul,02-Aug,18-Jul,Jul-00,200,210,205,205,210,112,117,148,,,,,,2442,188
    ,JFL-2,B2,2024/21224 BES::SHORTS-3,13247565 TKFJAX 3P CYCLE SHORTS NOOS,145,140,145,150,140,145,170,200,310,,,,,,,,,,,1400,175
    ,JFL-2,B3,2024/17802 GE::S,OGSPP1352 STITCH CYCLE SHORT SET,204,165,170,175,165,170,175,180,185,170,170,295,330,300,,,,,,2650,204
    ,JFL-2,C1,2024/18388 GE::TEES 2,BGSPP1239 EASTER BUNNY VALUE TEE,196,180,185,190,180,190,190,185,34,,,,,,,,,,,1334,156
    ,JFL-2,C1,2024/20648 BES::TOP,13244047 NMMVALMAS SS NREG TOP,138,,,,,,,,86,90,85,120,130,220,,,,,,731,156
    ,JFL-2,C3,2024/20510 BES::TOP,13230087 NKFVIVEMMA SS SLIM TOP,184,175,180,185,180,182,,,,,,,,,,,,,,902,177
    ,JFL-2,C3,2024/20648 BES::TOP,13244047 NMMVALMAS SS NREG TOP,120,,,,,,100,135,140,105,,,,,,,,,,480,177
    ,JFL-2,C3,2024/21077 BES::TEE-1,13247547 TKMJOX 2P SS LOGO TOP NOOS,156,,,,,,,,,,230,191,195,200,,,,,,816,177
    ,JFL-2,D1,2024/18186 GE::S1,OGSPP1398 EASTER 5PK SHORTS,204,,,,95,200,200,205,195,200,200,215,200,190,,,,,,1900,211
    ,JFL-2,D1,2024/21224 BES::SHORTS-3,13247565 TKFJAX 3P CYCLE SHORTS NOOS,175,195,200,205,100,,,,,,,,,,,,,,,700,211
    ,JFL-2,D3,2024/20744 BES::HOODIE,13244054 NMMVALON LS NREG SWE CARD WH UNB,100,100,105,110,105,100,110,105,105,110,105,110,140,95,40,20,,,,1460,104
    ,JFL-2,E1,2024/19951 BES::SHORTS,13243718 NMMTADEO LOOSE SHORTS LIL,107,50,60,50,50,60,50,60,50,50,40,50,230,200,,,,,,1000,76
    ,JFL-2,F1,2024/17175 GE::T,OGSPP1256 STITCH UPSPEC TEE,210,170,175,180,170,175,,,,,85,170,140,100,100,100,,,,1565,171
    ,JFL-2,F1,2024/17329 GE::T,OGSPP1391 EASTER LICENCE,198,,,,,,180,175,170,160,,,,,,,,,,685,171
    ,JFL-2,F3,2024/17803 GE::T1,OGSPP1380 MEU 3PK DITSY TEE,199,195,200,205,195,200,205,195,200,195,200,280,180,150,25,25,,,,2650,200
  ,MC#283Op#257Hp#65Line#12     Total Production of JFL-2,,,,3147,1920,1985,2030,1920,1982,1930,2005,2045,1625,1685,1593,1737,1758,165,145,0,0,0,24525,
  ,"Acting Input Man (Op#1 / Hp#1) , Acting Supervisor (Op#1 / Hp#0) , Lv In Case of Emergency (Op#7 / Hp#0) , Scissoring (Op#2 / Hp#0)",,,,"TOTAL OFT-Op#11, Hp#1",,,,,,,,,,,,,,,,,,,,
-,Unit,Line,Order No,Style Name,TGT,08-Sep,09-Oct,10-Nov,11-Dec,Dec-13,14-15,15-16,16-17,17-18,18-19,19-20,20-21,21-22,22-23,23-24,12-1(N),1-2(N),2-3(N),Total,Avg.Prod.
    ,JKL-1,A1,2024/22762 HM::BOTTOM,306311-8716 LIC. DYLAN SET,193,120,110,110,115,110,200,160,165,150,160,250,325,325,,,,,,2300,190
    ,JKL-1,B1,2024/23042 ZARA::TOP,1044-154,127,110,120,115,130,125,130,125,140,160,160,185,150,150,,,,,,1800,138
    ,JKL-1,C1,2024/23042 ZARA::TOP,1044-154,111,80,110,120,110,125,120,125,150,240,230,170,110,110,,,,,,1800,138
    ,JKL-1,C2,2024/17430 GE::SHORT 2,BYEPP1211 3PK AA BRIGHT STRIPE 1 5 TO 14,338,,,,,,,230,245,215,210,,,,,,,,,900,173
    ,JKL-1,C2,2024/22762 HM::TOP,306311-8716 LIC. DYLAN SET,229,100,95,100,80,70,55,,,,,,,,,,,,,500,173
    ,JKL-1,D1,2024/23107 ZARA::DRESS,1044-155,181,100,120,130,120,130,125,140,135,140,150,195,160,155,,,,,,1800,150
    ,JKL-1,D2,2024/20324 TTR::T- SHIRT,1046562 - OVERSIZE PHOTOPRINT T- SHIRT,163,10-Jan,15-Jan,20-Jan,30-Jan,Feb-00,80,140,130,260,270,,,,,,,,,1000,105
    ,JKL-1,E1,2024/22762 HM::BOTTOM,306311-8716 LIC. DYLAN SET,216,140,145,150,145,150,170,170,180,190,240,240,240,240,,,,,,2400,185
    ,JKL-1,F1,2024/23107 ZARA::DRESS,1044-155,165,100,105,110,115,110,110,120,130,140,165,160,170,165,,,,,,1700,144
    ,JKL-1,F2,2024/22762 HM::TOP,306311-8716 LIC. DYLAN SET,198,90,60,120,130,135,60,150,170,180,190,165,150,150,,,,,,1750,148
  ,MC#240Op#225Hp#46Line#9     Total Production of JKL-1,,,,1921,850,880,975,975,1000,1050,1360,1445,1675,1775,1365,1305,1295,0,0,0,0,0,15950,
  ,"Acting Input Man (Op#0 / Hp#1) , Scissoring (Op#1 / Hp#1) , Working At Finishing (Op#4 / Hp#1)",,,,"TOTAL OFT-Op#5, Hp#3",,,,,,,,,,,,,,,,,,,,
-,Unit,Line,Order No,Style Name,TGT,08-Sep,09-Oct,10-Nov,11-Dec,Dec-13,14-15,15-16,16-17,17-18,18-19,19-20,20-21,21-22,22-23,23-24,12-1(N),1-2(N),2-3(N),Total,Avg.Prod.
    ,JKL-2,A1,2024/23042 ZARA::TOP,1044-154,91,100,105,120,130,135,130,135,130,125,130,150,150,150,50,60,,,,1800,136
    ,JKL-2,A2,2024/21731 GS::TOP,LASH R T S\S,125,50,65,20-Mar,25-Mar,Mar-00,70,80,90,100,120,200,300,330,,,,,,1650,129
    ,JKL-2,B1,2024/21785 HB::T-SHIRT,50506373R38 TEE,139,100,110,120,115,110,120,39,,,,,,,,,,,,714,119
    ,JKL-2,B1,2024/21966 HB::T-SHIRT,50506373R39 TEE,148,,,,,,,,130,140,130,100,126,160,,,,,,786,119
    ,JKL-2,B2,2024/18837 GE:: SC,OGSPP1390 STICTH EASTER CYCLE SET,136,29-Apr,19-Apr,115,120,130,120,140,120,115,120,,100,90,,,,,,1400,128
    ,JKL-2,B2,2024/18837 GE::S1,OGSPP1390 STICTH EASTER CYCLE SET,136,,,,,,,,,,,200,,,,,,,,200,128
    ,JKL-2,C1,2024/23042 ZARA::TOP,1044-154,122,105,19-Apr,24-Apr,19-Apr,Apr-00,105,110,120,120,125,140,150,175,170,180,,,,1950,137
    ,JKL-2,D1,2024/23107 ZARA::DRESS,1044-155,159,125,130,120,140,135,125,140,120,145,160,160,100,70,,,,,,1670,150
    ,JKL-2,E1,2024/20802 HB::SWEAT,50542590 DARGENZIP,28,15,20,20,25,20,20,25,25,20,30,80,50,50,,,,,,400,34
    ,JKL-2,F1,2024/20947 HB::POLO,50542770 DIMERSVE,100,19-Feb,29-Feb,10-Mar,20-Mar,Mar-00,80,85,90,85,70,145,,,,,,,,900,83
  ,MC#237Op#210Hp#44Line#8     Total Production of JKL-2,,,,1184,665,710,760,805,810,770,754,825,850,885,1175,976,1025,220,240,0,0,0,11470,
  ,"Acting Supervisor (Op#2 / Hp#0) , Label Attach (Op#4 / Hp#1) , Scissoring (Op#6 / Hp#1)",,,,"TOTAL OFT-Op#12, Hp#2",,,,,,,,,,,,,,,,,,,,
-,Unit,Line,Order No,Style Name,TGT,08-Sep,09-Oct,10-Nov,11-Dec,Dec-13,14-15,15-16,16-17,17-18,18-19,19-20,20-21,21-22,22-23,23-24,12-1(N),1-2(N),2-3(N),Total,Avg.Prod.
    ,JKL-3,A1,2024/23042 ZARA::TOP,1044-154,122,80,130,140,130,140,120,130,140,140,130,145,140,285,,,,,,1850,142
    ,JKL-3,A2,2024/23107 ZARA::DRESS,1044-155,142,80,90,85,95,90,0,0,0,0,0,0,0,860,,,,,,1300,100
    ,JKL-3,B1,2024/20839 HB::T-SHIRT,50542968R2 DIMERSOM,112,40,80,100,68,,,,,,,,,,,,,,,288,109
    ,JKL-3,B1,2024/22254 HB::T-SHIRT,50506373R40 TEE,118,,,,,138,90,24,80,90,110,100,120,380,,,,,,1132,109
    ,JKL-3,B2,2024/21966 HB::T-SHIRT,50506373R39 TEE,126,90,58,0,152,100,90,200,110,105,110,110,110,195,,,,,,1430,110
    ,JKL-3,C1,2024/19154 GE::TEES 3,BGSPP1295 EAS 4PK TEES,206,,,,,,,,191,,,,,,,,,,,191,190
    ,JKL-3,C1,2024/19154 GE::TEES 4,BGSPP1295 EAS 4PK TEES,206,170,180,170,170,170,180,289,,,,,,,,,,,,1329,190
    ,JKL-3,C2,2024/17420 GE::GREEN AOP SHORT,3PK OG BRIGHT LEOP PJ 5 TO 14,188,140,155,120,170,150,140,75,140,100,,,,,,,,,,1190,139
    ,JKL-3,C2,2024/19323 GE::SHORTS 5,BGSPP1389 DCO 7PK UNICORN SHORTS,81,,,,,,,,,,160,,,,,,,,,160,139
    ,JKL-3,D1,2024/19154 GE::TEES 2,BGSPP1295 EAS 4PK TEES,185,180,185,170,185,180,140,145,150,,,,,,,,,,,1335,167
    ,JKL-3,E1,2024/21900 HB::JOGGERS,50542589R1 DARGENPAN,0,30,30,50,50,50,50,50,50,50,95,,,,,,,,,505,53
    ,JKL-3,F1,2024/19988 TTR::T- SHIRT,1047066 - T- SHIRT GATHERED SLEEVE,77,10,20,25,45,50,70,60,30,135,70,,,,,,,,,515,54
    ,JKL-3,F2,2024/20879 GE::TEE 2,BGSPP1579 NU 3PK RIB ANIMAL TEES,119,190,305,120,58,0,200,157,120,130,125,130,130,435,,,,,,2100,153
  ,MC#242Op#220Hp#39Line#10     Total Production of JKL-3,,,,1682,1010,1233,980,1123,1068,1080,1130,1011,750,800,485,500,2155,0,0,0,0,0,13325,
  ,"Drawstring Attach (Op#0 / Hp#2) , Label Attach (Op#1 / Hp#0) , Print Part Match (Op#0 / Hp#1) , Scissoring (Op#0 / Hp#3) , Working At Finishing (Op#2 / Hp#1)",,,,"TOTAL OFT-Op#3, Hp#7",,,,,,,,,,,,,,,,,,,,
-,Unit,Line,Order No,Style Name,TGT,08-Sep,09-Oct,10-Nov,11-Dec,Dec-13,14-15,15-16,16-17,17-18,18-19,19-20,20-21,21-22,22-23,23-24,12-1(N),1-2(N),2-3(N),Total,Avg.Prod.
    ,JKL-4,A1,2024/20843 CA::BOTTOM,2230228 TG SS COTTON LICENSE SET,115,60,100,100,100,100,150,120,100,100,120,150,150,150,40,40,,,,1580,105
    ,JKL-4,A2,2024/20825 HB::T-SHIRT,50542638 NEBUTE,141,30,60,70,60,70,150,55,115,110,110,120,200,200,,,,,,1350,108
    ,JKL-4,B1,2024/10110 GSS::TOP,W5RI52 GJ SS SLIM PKT TEE,180,,,,,,,,,128,,,,,,,,,,128,92
    ,JKL-4,B1,2024/17600 PU::TOP,686762SS25R3 ESS SMALL LOGO PIQUE POLO,93,50,70,70,70,70,70,100,,,22,,,,,,,,,522,92
    ,JKL-4,B1,2024/18119 NEXT::TOP,AT5589 SIDE WALK SURFERS,163,,,,,,,,200,,,,,,,,,,,200,92
    ,JKL-4,C1,2024/18763 BO::T-SHIRT,1034005-LEAF AOP KNOT SHIRT-504-2,96,60,70,60,65,60,65,65,24,10,5,5,,,,,,,,489,44
    ,JKL-4,C2,2024/19745 RL::TOP,975138 BOYS T SHIRT,156,19-Apr,26,,,Jul-00,,,,,,,,,,,,,,321,100
    ,JKL-4,C2,2024/21049 RL::TOP,832904R11-BOYS T SHIRT,130,,,138,69,,242,61,55,100,66,48,,,,,,,,779,100
    ,JKL-4,D1,2024/18469 GE::D1,OGSPP1396 EASTER 3PK PLAYSUIT,104,50,50,70,70,70,50,60,70,80,80,100,100,85,150,165,,,,1250,83
    ,JKL-4,D2,2024/19613 NEXT::TOP 1,AM3984 4PK SS EARTH STAMP,152,,147,160,160,160,,236,290,,,,,,,,,,,1153,170
    ,JKL-4,D2,2024/19613 NEXT::TOP 2,AM3984 4PK SS EARTH STAMP,187,02-May,,,,,,,,,,,,,,,,,,123,170
    ,JKL-4,D2,2024/20265 TTR::T- SHIRT,1046367 - PHOTOPRINT T- SHIRT,115,,,,,,84,,,,,,,,,,,,,84,170
    ,JKL-4,E1,2024/20036 TTR::T-SHIRT,T-SHIRT PLACEMENT PRINT,107,60,70,80,80,100,80,80,85,85,90,109,150,101,,,,,,1170,90
    ,JKL-4,E2,2024/13294 PU::TOP,674065SS25 PUMA POWER COLORBLOCK SUMMER TEE,125,100,110,120,100,120,120,120,170,,,,,,,,,,,960,120
    ,JKL-4,F1,2024/16328 PU::TOP,679359SS25R2 PUMA POWER TEE G,146,49,,,,,,,,,,,,,,,,,,49,120
    ,JKL-4,F1,2024/19545 PU::TOP,684685SS25R5 ESS BLOCK TEE,114,,181,120,120,120,120,120,120,120,90,160,,,,,,,,1271,120
    ,JKL-4,F2,2024/22818 PU::TOP,686759AW25 ESS LOGO TEE,169,100,150,134,156,150,140,150,220,,,,,,,,,,,1200,150
  ,MC#250Op#237Hp#59Line#11     Total Production of JKL-4,,,,2293,792,1034,1122,1050,1205,1271,1167,1449,733,583,692,600,536,190,205,0,0,0,12629,
  ,"Acting Input Man (Op#2 / Hp#3) , Acting Supervisor (Op#4 / Hp#0) , Scissoring (Op#6 / Hp#1)",,,,"TOTAL OFT-Op#12, Hp#4",,,,,,,,,,,,,,,,,,,,
-,Unit,Line,Order No,Style Name,TGT,08-Sep,09-Oct,10-Nov,11-Dec,Dec-13,14-15,15-16,16-17,17-18,18-19,19-20,20-21,21-22,22-23,23-24,12-1(N),1-2(N),2-3(N),Total,Avg.Prod.
    ,JKL-5,A1,2024/20803 HB::JACKET,50542593 DARGENCREW,34,5,5,5,10,15,20,20,30,35,50,45,50,15,15,20,,,,340,25
    ,JKL-5,B1,2024/20888 GE::L2,BYGPP1441 LL 5PK RIB SS LEGS,190,175,180,180,180,170,175,180,340,160,160,180,200,220,,,,,,2500,181
    ,JKL-5,B2,2024/20897 HB::T-SHIRT,50546920 TE-CONTAINER,127,80,90,80,100,90,100,90,110,72,153,,,,,,,,,965,109
    ,JKL-5,B2,2024/20899 HB::T-SHIRT,50546958R1 TE-WAGON,117,,,,,,,,,,,86,90,209,,,,,,385,109
    ,JKL-5,C1,2024/22811 PU::TOP,686760AW25 ESS SMALL LOGO TEE,123,90,140,60,110,100,178,178,144,,,,,,,,,,,1000,125
    ,JKL-5,C2,2024/17495 PU::TOP,685866SS25R2 PUMA SPORT CREW TR G,62,10-Jan,15-Jan,20-Jan,10-Jan,Jan-00,10,10,5,9,21,40,30,25,30,90,,,,340,23
    ,JKL-5,D1,2024/22325 HB::T-SHIRT,50543493R2 NALAX,116,80,110,80,120,100,110,100,110,120,90,95,88,80,70,67,,,,1420,95
    ,JKL-5,D2,2024/19767 PU::BTM,846141SS25R2 MINICATS ESS CREW JOGGER FL,141,100,115,120,115,120,115,120,115,120,115,120,250,235,,,,,,1760,137
    ,JKL-5,E1,2024/19755 RL::TOP,699237 T SHIRT,153,140,145,140,145,140,145,140,85,,,,,,,,,,,1080,135
    ,JKL-5,E2,2024/13570 NEXT::TOP,VB593 LONG SLEEVE T-SHIRT,122,85,90,85,80,100,70,130,90,,,,,,,,,,,730,92
    ,JKL-5,F1,2024/20855 RL::TOP,720703R1-BOYS T SHIRT,127,19-Feb,20-Mar,29-Apr,09-May,Apr-00,130,120,161,140,145,114,101,109,100,100,,,,1720,119
    ,JKL-5,F2,2024/22811 PU::TOP,686760AW25 ESS SMALL LOGO TEE,129,40,30,100,120,Apr-00,113,200,199,98,100,,,,,,,,,1110,128
  ,MC#271Op#241Hp#55Line#11     Total Production of JKL-5,,,,1441,855,1000,990,1120,1080,1166,1288,1389,754,834,680,809,893,215,277,0,0,0,13350,
  ,"Acting Input Man (Op#2 / Hp#1) , Acting Supervisor (Op#2 / Hp#0) , Label Attach (Op#4 / Hp#2) , Scissoring (Op#4 / Hp#1) , Working At Finishing (Op#1 / Hp#2) , Working At Heat Seal (Op#7 / Hp#0)",,,,"TOTAL OFT-Op#20, Hp#6",,,,,,,,,,,,,,,,,,,,
-,Unit,Line,Order No,Style Name,TGT,08-Sep,09-Oct,10-Nov,11-Dec,Dec-13,14-15,15-16,16-17,17-18,18-19,19-20,20-21,21-22,22-23,23-24,12-1(N),1-2(N),2-3(N),Total,Avg.Prod.
    ,DBL,A1,2024/21169 GS::BOTTOM,CORE SW SHORT,89,70,80,90,80,70,80,70,80,82,48,130,,,,,,,,880,80
    ,DBL,B1,2024/14693 PU::HOODY,684983SS25R1 ESS SCRIPT COMFORT HOODIE TR,102,,,,,,,,,87,100,154,137,100,,,,,,578,98
    ,DBL,B1,2024/16483 PU::TOP,684983SS25R2 ESS SCRIPT COMFORT HOODIE TR,79,,,90,80,110,90,100,21,,,,,,,,,,,491,98
    ,DBL,B1,2024/18615 PU::SHORTS,ESS SCRIPT SHORTS G,124,90,116,,,,,,,,,,,,,,,,,206,98
    ,DBL,C1,2024/14611 PU::TOP,674065SS25R1 PUMA POWER COLORBLOCK SUMMER TEE,130,110,100,110,100,110,100,,,,,,,,,,,,,630,116
    ,DBL,C1,2024/20419 TTR::T-SHIRT,1046136 - PHOTO PRINT T-SHIRT,149,,,,,,,110,190,,,,,,,,,,,300,116
    ,DBL,C2,2024/20419 TTR::T-SHIRT,1046136 - PHOTO PRINT T-SHIRT,175,30-Jan,07-Aug,120,09-May,May-00,140,135,130,90,198,357,,,,,,,,1685,153
    ,DBL,D1,2024/21965 CA::T SHIRT,2243057 KIMBERLY TEE NEW DOF 2234641,197,170,175,185,180,175,180,175,230,,,,,,,,,,,1470,184
    ,DBL,D2,2024/14760 PU::TOP,632519SS25 GRAPHICS PUMA DASH RELAXED TEE,156,,,,,,,,,45,,,,,,,,,,45,164
    ,DBL,D2,2024/22951 PU::TOP,684726AW25 ESS ELEVATED TEE,165,120,130,130,125,130,130,125,545,,,,,,,,,,,1435,164
    ,DBL,E1,2024/20298 TTR::T-SHIRT,1040186R4 PRINTED KNOT T-SHIRT,110,54,,,,,,,,,,,,,,,,,,54,160
    ,DBL,E1,2024/20361 TTR::T-SHIRT,1043491 R7 - PRINTED T-SHIRT,170,,246,150,150,160,165,160,195,,,,,,,,,,,1226,160
    ,DBL,E2,2024/18657 PU::TOP,631536SS25R2 ESS METALLIC NO. 1 LOGO TEE,170,150,,,,,,,,,,,,,,,,,,150,175
    ,DBL,E2,2024/18918 GE::TEES 3,BGSPP1253 DCO 7PK BRIGHT ICON TEES,214,,150,160,145,150,155,160,330,,,,,,,,,,,1250,175
    ,DBL,F1,2024/18763 BO::T-SHIRT,1034005-LEAF AOP KNOT SHIRT-504-2,77,19-Feb,10-Mar,29-Feb,10-Mar,Feb-00,55,45,25,,,,,,,,,,,435,54
  ,MC#255Op#235Hp#49Line#9     Total Production of DBL,,,,2107,844,1287,1095,1060,1100,1095,1080,1746,304,346,641,137,100,0,0,0,0,0,10835,
  ,"Scissoring (Op#3 / Hp#7) , Working At Finishing (Op#3 / Hp#1)",,,,"TOTAL OFT-Op#6, Hp#8",,,,,,,,,,,,,,,,,,,,
-,Unit,Line,Order No,Style Name,TGT,08-Sep,09-Oct,10-Nov,11-Dec,Dec-13,14-15,15-16,16-17,17-18,18-19,19-20,20-21,21-22,22-23,23-24,12-1(N),1-2(N),2-3(N),Total,Avg.Prod.
    ,MFL,A1,2024/17540 GE::SHORTS 4,BGSPP1218 FLOW 5PK PLAIN FRILL SHORTS,184,202,44,,,,,,,,,,,,,,,,,246,193
    ,MFL,A1,2024/17540 GE::SHORTS 5,BGSPP1218 FLOW 5PK PLAIN FRILL SHORTS,184,,109,185,171,175,185,190,204,180,170,158,200,110,100,82,,,,2219,193
    ,MFL,A2,2024/17817 GE::LEGGINGS 5,BGSPP1222 FLOW 5PK BRIGHT LEGGINGS,287,206,213,229,135,,,,,,,,,,,,,,,783,132
    ,MFL,A2,2024/18153 NF::BOTTOM 2,859876 LADIES LEGGINGS,99,,,,,90,56,138,145,135,120,90,60,40,26,0,,,,900,132
    ,MFL,B1,2024/17528 GE::TEES 2,BGSPP1236 NS 3PK TEES,195,217,245,255,295,,,,,,,,,,,,,,,1012,233
    ,MFL,B1,2024/17533 GE::TEES 3,BGSPP1219 FLOW 5PK PLAIN FRILL TEES,223,,,,,240,200,175,150,100,100,127,80,50,20,16,,,,1258,233
    ,MFL,B2,2024/18403 GE::T1,OGSPP1399 EASTER 5PK RIB TEE,196,190,208,225,220,235,237,152,,,,,,,,,,,,1467,217
    ,MFL,B2,2024/18403 GE::T2,OGSPP1399 EASTER 5PK RIB TEE,209,,,,,,,,165,160,140,130,40,30,23,37,,,,725,217
    ,MFL,C1,2024/19536 GE::SHORTS 1,BGSPP1286 EAS PKS 5PK SHORTS,134,,75,,,,,,90,175,210,200,180,140,90,47,,,,1207,170
    ,MFL,C1,2024/19536 GE::SHORTS 5,BGSPP1286 EAS PKS 5PK SHORTS,155,153,115,100,125,120,130,150,,,,,,,,,,,,893,170
    ,MFL,C2,2024/17817 GE::LEGGINGS 5,BGSPP1222 FLOW 5PK BRIGHT LEGGINGS,223,130,20-May,03-Jun,200,Aug-00,230,235,262,210,44,,,,,,,,,1832,223
    ,MFL,C2,2024/18818 GE::LEGGINGS 4,BGSPP1392 DCO 5PK FLORAL LEGGINGS,16,,,,,,,,,,,18,,,,,,,,18,223
  ,MC#111Op#109Hp#28Line#6     Total Production of MFL,,,,2105,1098,1150,1149,1146,1085,1038,1040,1016,960,784,723,560,370,259,182,0,0,0,12560,
  ,"Paper Top Attach (Op#2 / Hp#0) , Working At Finishing (Op#0 / Hp#1)",,,,"TOTAL OFT-Op#2, Hp#1",,,,,,,,,,,,,,,,,,,,
-,Unit,Line,Order No,Style Name,TGT,08-Sep,09-Oct,10-Nov,11-Dec,Dec-13,14-15,15-16,16-17,17-18,18-19,19-20,20-21,21-22,22-23,23-24,12-1(N),1-2(N),2-3(N),Total,Avg.Prod.
    ,MFL-1,A1,2024/15815 VA::TEE,TB0A42P5R3 AF SHORT SLEEVE TEE,19,,,,,,,,,,,,,20,,,,,,20,104
    ,MFL-1,A1,2024/17233 VA::TEE,TB0A6DE9 SEASONAL GARMENT DYED SS TEE,185,,,,,,,,55,50,100,100,,95,,,,,,400,104
    ,MFL-1,A1,2024/17815 GE::TEES 2,BGSPP1177 SC 3PK RIB TEES,122,,,,,,,,,,70,70,206,,,,,,,346,104
    ,MFL-1,A1,2024/18122 VA::T1,A8GEFSP25 M TABLE TEE,170,45,52,67,53,66,97,54,,,,,,,,,,,,434,104
    ,MFL-1,A2,2024/17816 GE::SHORTS 1,BGSPP1176 SC 3PK RIB SHORTS,165,,,,,,,,,,50,20,20,20,46,50,,,,206,73
    ,MFL-1,A2,2024/18552 PU::BOTTOM,685039SS25R2 PUMA CLASS HIGH-WAIST FLARED LEGGINGS,137,60,50,100,105,100,115,110,121,133,,,,,,,,,,894,73
    ,MFL-1,B1,2024/17815 GE::TEES 3,BGSPP1177 SC 3PK RIB TEES,211,201,205,207,210,200,211,215,210,175,200,,200,250,178,90,,,,2752,209
    ,MFL-1,B1,2024/17927 GE::SWEAT 1,BGSPP1340 DCO STITCH CHERRY SET,112,,,,,,,,,,,48,,,,,,,,48,209
    ,MFL-1,B2,2024/18881 PU::TOP,688680SS25 GRAPHICS MOTO SPORT TEE,168,124,146,115,,,,,,,,,,,,,,,,385,163
    ,MFL-1,B2,2024/19811 PU::TOP,SNEAKER TEE,182,,,,28-Jun,Jul-00,187,185,190,38,,,,,,,,,,965,163
    ,MFL-1,C2,2024/17816 GE::SHORTS 2,BGSPP1176 SC 3PK RIB SHORTS,172,,,,,185,207,182,175,110,200,190,290,250,280,260,,,,2329,200
    ,MFL-1,C2,2024/17816 GE::SHORTS 3,BGSPP1176 SC 3PK RIB SHORTS,211,121,04-Jun,03-Jun,26-Aug,,,,,,,,,,,,,,,671,200
    ,MFL-1,D1,2024/17186 GE::S1,BTBPP1293 3PK CYCLE SHORT,193,60,90,100,200,200,180,186,151,183,,,,,,,,,,1350,163
    ,MFL-1,D2,2024/17353 GE::RED AOP SHORT,BYEPP1155 3PK MARVEL COMIC PJ,94,62,,,,,,,,,,,,,,,,,,62,183
    ,MFL-1,D2,2024/17399 GE::WHITE AOP SHORT,GISPP1198 3PK AA BOLD FLORAL 1 5TO 14,164,100,200,180,200,200,184,104,100,112,138,100,220,0,,,,,,1838,183
    ,MFL-1,E1,2024/17332 GE::TEE SHIRT,OBYPP1242 VALUE SKULL CACTUS TEE,141,,,,,,,,,,,,79,78,,,,,,157,69
    ,MFL-1,E1,2024/17627 PU::TOP,631946SS25R1 FUTURE PUMA ARCHIVE GRAPHIC BABY TEE,96,40,45,50,76,90,51,63,74,50,100,54,,,,,,,,693,69
    ,MFL-1,F1,2024/18396 GE::TEE SHIRT 3,OBYPP1298 DCO 10PK PASTEL PLAIN TEES,113,54,,,,,,,,,,,,,,,,,,54,200
    ,MFL-1,F1,2024/18396 GE::TEE SHIRT 4,OBYPP1298 DCO 10PK PASTEL PLAIN TEES,211,116,185,168,202,198,52,,,,,,,,,,,,,921,200
    ,MFL-1,F1,2024/18396 GE::TEE SHIRT 5,OBYPP1298 DCO 10PK PASTEL PLAIN TEES,183,,,,,,100,175,350,,,,,,,,,,,625,200
    ,MFL-1,F2,2024/18396 GE::TEE SHIRT 7,OBYPP1298 DCO 10PK PASTEL PLAIN TEES,255,160,176,156,220,200,170,170,188,317,200,41,101,101,0,0,,,,2200,148
    ,MFL-1,G1,2024/17815 GE::TEES 3,BGSPP1177 SC 3PK RIB TEES,246,112,185,200,210,200,170,185,195,200,200,200,100,194,,,,,,2351,206
    ,MFL-1,G2,2024/18782 GE::SOLID SS TOP,STITCH CHERRY PJ,237,127,150,180,200,200,239,140,164,,,,,,,,,,,1400,178
    ,MFL-1,H1,2024/18396 GE::TEE SHIRT 6,OBYPP1298 DCO 10PK PASTEL PLAIN TEES,234,98,113,276,200,51,,,,,,,,,,,,,,738,203
    ,MFL-1,H1,2024/18396 GE::TEE SHIRT 9,OBYPP1298 DCO 10PK PASTEL PLAIN TEES,205,,,,,130,195,200,210,177,,,,,,,,,,912,203
    ,MFL-1,H2,2024/20464 VA::T1,A89FBFA25 M SIMPLE DOME CREW,150,130,145,155,150,155,160,121,28,6,,,,,,,,,,1050,130
  ,MC#255Op#266Hp#69Line#14     Total Production of MFL-1,,,,4376,1610,1898,2109,2445,2360,2318,2090,2211,1551,1258,823,1216,1008,504,400,0,0,0,23801,
  ,Acting Supervisor (Op#1 / Hp#0),,,,"TOTAL OFT-Op#1, Hp#0",,,,,,,,,,,,,,,,,,,,
-,Unit,Line,Order No,Style Name,TGT,08-Sep,09-Oct,10-Nov,11-Dec,Dec-13,14-15,15-16,16-17,17-18,18-19,19-20,20-21,21-22,22-23,23-24,12-1(N),1-2(N),2-3(N),Total,Avg.Prod.
    ,MFL-2,A1,2024/23002 PU::TOP,629645AW25-WARDROBE ESS BOXY TEE,159,70,110,115,120,125,120,245,245,0,0,50,,,,,,,,1200,143
    ,MFL-2,A2,2024/13336 PU::TOP,678929SS25R1 PUMA POWER COLORBLOCK TEE,62,65,,,,,,,,,,,,,,,,,,65,156
    ,MFL-2,A2,2024/20974 PU::TOP,687710SS25R1 GRAPHICS FLORAL CAT LOGO TEE,146,55,135,140,150,145,135,,,,,,,,,,,,,760,156
    ,MFL-2,A2,2024/23002 PU::TOP,629645AW25-WARDROBE ESS BOXY TEE,138,,,,,,15,140,130,150,140,250,,,,,,,,825,156
    ,MFL-2,B1,2024/19538 GE::TEES 3,BGSPP1287 EAS PKS 5PK TEES,187,130,135,145,135,140,165,180,170,165,220,415,,,,,,,,2000,182
    ,MFL-2,B2,2024/19329 GE::LEGGINGS 3,BGSPP1391 DCO 3PK BRIGHT FLOWER LEGGINGS,254,140,150,145,155,160,165,285,200,,,,,,,,,,,1400,175
    ,MFL-2,C2,2024/18122 VA::T1,A8GEFSP25 M TABLE TEE,157,,,,78,120,128,125,122,122,125,213,,,,,,,,1033,144
    ,MFL-2,C2,2024/20974 PU::TOP,687710SS25R1 GRAPHICS FLORAL CAT LOGO TEE,159,17-Apr,24-Apr,19-Apr,34,,,,,,,,,,,,,,,367,144
    ,MFL-2,E1,2024/18623 PU::TOP,689874SS25R1 WOODLAND TEE,161,140,145,140,120,125,115,215,300,0,0,150,,,,,,,,1450,158
    ,MFL-2,E2,2024/22422 VA::T1,A8CPPFA25 M S-S SIMPLE DOME TEE REFLECTIVE,153,50,100,100,103,110,115,317,305,0,0,100,60,90,,,,,,1450,138
    ,MFL-2,F1,2024/19334 VA::TEE,TB0A6D7C FLORAL CHEST POCKET LS TEE,121,70,80,85,0,20,30,35,40,50,55,130,105,100,,,,,,800,76
    ,MFL-2,G1,2024/19312 VA::TEE,TB0A6BD8 AF LOGO SS TEE ALL GENDER,184,31,130,140,145,135,133,157,350,,,,,,,,,,,1221,163
    ,MFL-2,G1,2024/22044 PU::TOP,690760AW25 CAT GRAPHIC TEE,96,79,,,,,,,,,,,,,,,,,,79,163
    ,MFL-2,H1,2024/17378 PU::TOP,684996SS25R1 ESS METALLIC HOODIE FL,95,,,,,50,60,55,51,54,55,65,50,100,100,50,100,0,0,790,67
    ,MFL-2,H1,2024/17441 PU::TOP,624154SS25R1 BMW MMS POLO,0,,,,,,,,,,,,,,25,25,,,,50,67
    ,MFL-2,H1,2024/19538 GE::TEES 5,BGSPP1287 EAS PKS 5PK TEES,351,90,80,85,55,,,,,,,,,,,,,,,310,67
    ,MFL-2,H2,2024/19801 PU::T-SHIRT,622536SS25 PUMA TEAM Graphic Tee,194,12-Mar,,,,,,,,,,,,,,,,,,72,188
    ,MFL-2,H2,2024/21119 PU::T-SHIRT,622536SS25R1PUMA TEAM GRAPHIC TEE,451,33,142,150,162,143,,,,,,,,,,,,,,630,188
    ,MFL-2,H2,2024/22422 VA::T1,A8CPPFA25 M S-S SIMPLE DOME TEE REFLECTIVE,368,,,,,22,170,300,306,,,,,,,,,,,798,188
  ,MC#256Op#268Hp#64Line#11     Total Production of MFL-2,,,,3436,06-Feb,14-Aug,16-Sep,10-Jun,Jul-03,1351,2054,2219,541,595,1373,215,290,125,75,100,0,0,15300,
  ,"Lv In Case of Emergency (Op#1 / Hp#0) , Paper Top Attach (Op#1 / Hp#0)",,,,"TOTAL OFT-Op#2, Hp#0",,,,,,,,,,,,,,,,,,,,
-,Unit,Line,Order No,Style Name,TGT,08-Sep,09-Oct,10-Nov,11-Dec,Dec-13,14-15,15-16,16-17,17-18,18-19,19-20,20-21,21-22,22-23,23-24,12-1(N),1-2(N),2-3(N),Total,Avg.Prod.
    ,MFL-3,A1,2024/17393 GE::TEES 3,BGSPP1298 HS 5PK BRIGHT TEES,229,145,213,208,202,205,192,265,300,,,,,,,,,,,1730,216
    ,MFL-3,A2,2024/17925 GE::WHITE AOP SHORT,BYEPP1229 3PK O FOOTBALL 5 TO 14,188,,221,195,99,132,101,,,,,,,,,,,,,748,206
    ,MFL-3,A2,2024/18045 GE::L1,OGSPP1303 3PK PICNIC PLAIN PPB LEGGING,226,,,,,,139,248,,,,,,,,,,,,387,206
    ,MFL-3,A2,2024/18045 GE::L3,OGSPP1303 3PK PICNIC PLAIN PPB LEGGING,226,,,,09-Apr,Apr-00,,,267,,,,,,,,,,,467,206
    ,MFL-3,A2,2024/18418 GE::L1,OGSPP1301 5PK ANIMAL HEART LEGGING,212,48,,,,,,,,,,,,,,,,,,48,206
    ,MFL-3,B1,2024/19332 VA::TEE,TB0A6BBZ AF SEASONAL TREE SHORT SLEEVE TEE,184,,,110,130,140,71,120,239,262,,,,,,,,,,1072,159
    ,MFL-3,B1,2024/19337 VA::TEE,TB0A6DDN SEASONAL TREE SHORT SLEEVE TEE,184,123,110,15,,,,,,,,,,,,,,,,248,159
    ,MFL-3,B2,2024/14895 PU::T-SHIRT,631641SS25 F1 GRAPHIC RINGER TEE,144,20,58,,,,,,,,,,,,,,,,,78,108
    ,MFL-3,B2,2024/17818 GE::TEES 1,BGSPP1202 MM 2PK PRINT TEES,209,,,64,57,80,71,85,170,175,170,150,0,0,,,,,,1022,108
    ,MFL-3,C1,2024/19419 VA::TEE,TB0A6DFH STRIPED SHORT SLEEVE TEE,61,,,,,,,,7,,,90,0,0,,,,,,97,131
    ,MFL-3,C1,2024/19422 VA::TEE,TB0A6ABF AF STRIPED SHORT SLEEVE TEE,149,38,70,87,90,70,59,110,181,142,153,103,,,,,,,,1103,131
    ,MFL-3,C2,2024/17393 GE::TEES 1,BGSPP1298 HS 5PK BRIGHT TEES,229,189,213,219,205,229,207,210,243,,,,,,,,,,,1715,214
    ,MFL-3,D1,2024/21951 PU::TOP,685009SS25R3 ESS TAPE RELAXED TEE,124,50,74,,,,,,,,,,,,,,,,,124,119
    ,MFL-3,D1,2024/22055 PU::BTM,690770AW25 GRAPHIC LEGGINGS,127,,47,120,125,123,119,142,154,,,,,,,,,,,830,119
    ,MFL-3,D2,2024/19326 GE::LEGGINGS 4,BGSPP1294 EAS 4PK LEGGINGS,287,207,295,292,280,289,277,261,250,,,,,,,,,,,2151,269
    ,MFL-3,E1,2024/18609 GE::TOP,CAR FACE CHECK PJ,226,121,268,248,263,246,195,179,180,0,0,0,,,,,,,,1700,194
    ,MFL-3,F1,2024/19507 VA::T1,A89EMSP25-R3 M DREW PEAK PULLOVER HOODIE,99,106,103,107,111,103,98,107,95,90,80,50,150,140,160,200,,,,1700,124
    ,MFL-3,H1,2024/20475 VA::L1,A8C1WFA25 M SIMPLE DOME REGULAR TAPERED JOGGER,133,81,93,87,137,128,151,110,139,0,0,0,,,,,,,,926,112
    ,MFL-3,H2,2024/18609 GE::SHORTS,CAR FACE CHECK PJ,159,00-Jan,00-Jan,30-May,04-Jun,Jun-00,172,176,127,,,,,,,,,,,950,119
  ,MC#265Op#278Hp#53Line#12     Total Production of MFL-3,,,,3396,1128,1765,1903,1955,2013,1852,2013,2352,669,403,393,150,140,160,200,0,0,0,17096,
  ,"Lv In Case of Emergency (Op#2 / Hp#2) , Paper Top Attach (Op#1 / Hp#1) , Print Part Match (Op#0 / Hp#8) , Send To Embroidery (Op#0 / Hp#1)",,,,"TOTAL OFT-Op#3, Hp#12",,,,,,,,,,,,,,,,,,,,
-,Unit,Line,Order No,Style Name,TGT,08-Sep,09-Oct,10-Nov,11-Dec,Dec-13,14-15,15-16,16-17,17-18,18-19,19-20,20-21,21-22,22-23,23-24,12-1(N),1-2(N),2-3(N),Total,Avg.Prod.
    ,MFL-4,A1,2024/16848 GE::L4,BYGPP1371 DCO 5PK BRIGHT RIB LEGGINGS,232,51,200,203,224,215,217,200,,,,155,,,,,,,,1465,215
    ,MFL-4,A1,2024/16848 GE::L5,BYGPP1371 DCO 5PK BRIGHT RIB LEGGINGS,218,,,,,,,,190,95,50,,,,,,,,,335,215
    ,MFL-4,B1,2024/18841 GE::TEES 5,BGSPP1246 DCO 7PK PASTEL TEES,187,139,180,189,182,194,179,200,195,,,,,,,,,,,1458,245
    ,MFL-4,B1,2024/18841 GE::TEES 7,BGSPP1246 DCO 7PK PASTEL TEES,118,,,,,5,10,8,9,155,105,320,230,250,,,,,,1092,245
    ,MFL-4,B2,2024/17395 GE::SHORTS 1,BGSPP1299 HS 5PK BRIGHT SHORTS,220,,,97,166,179,181,186,181,149,151,188,100,100,,,,,,1678,186
    ,MFL-4,B2,2024/17395 GE::SHORTS 4,BGSPP1299 HS 5PK BRIGHT SHORTS,220,129,131,62,,,,,,,,,,,,,,,,322,186
    ,MFL-4,C2,2024/19307 GE::TEES 6,BGSPP1390 DCO 7PK UNICORN TOPS,207,152,142,153,151,153,150,140,169,,150,200,,,,,,,,1560,169
    ,MFL-4,C2,2024/19307 GE::TEES 7,BGSPP1390 DCO 7PK UNICORN TOPS,0,,,,,,,,,140,,,,,,,,,,140,169
    ,MFL-4,D2,2024/18691 GE::BTM,SPIDEY SWING PJ,233,100,120,160,200,200,180,200,210,170,160,100,,,,,,,,1800,198
    ,MFL-4,E1,2024/17395 GE::SHORTS 4,BGSPP1299 HS 5PK BRIGHT SHORTS,218,99,10-Apr,05-Jan,,,,,,,,,,,,,,,,205,166
    ,MFL-4,E1,2024/19427 GE::SHORTS 2,BYSPP1213 CC RIB FOURSIE,205,,,111,131,151,157,149,199,150,150,97,,,,,,,,1295,166
    ,MFL-4,F1,2024/13905 PU::HOODY,631591SS25R1 BMW MMS ESS+ HOODIE FLEECE,91,0,0,0,0,0,0,0,15,41,34,,,,,,,,,90,33
    ,MFL-4,F1,2024/14892 PU::HOODY,631640SS25 F1 HOODIE,64,,,,,,,,,,,100,50,50,,,,,,200,33
    ,MFL-4,G1,2024/19326 GE::LEGGINGS 2,BGSPP1294 EAS 4PK LEGGINGS,238,140,112,131,122,152,158,172,153,150,110,300,200,200,,,,,,2100,166
    ,MFL-4,G2,2024/16982 GE::T1,BYGPP1348 DCO 3PK MONO SS TOPS,149,,,,,,59,,21,,,,,,,,,,,80,104
    ,MFL-4,G2,2024/16982 GE::T2,BYGPP1348 DCO 3PK MONO SS TOPS,149,,,,,,,80,,,,,,,,,,,,80,104
    ,MFL-4,G2,2024/16982 GE::T3,BYGPP1348 DCO 3PK MONO SS TOPS,142,,,,,,,,80,0,0,0,,,,,,,,80,104
    ,MFL-4,G2,2024/19326 GE::LEGGINGS 2,BGSPP1294 EAS 4PK LEGGINGS,260,101,280,281,100,95,,,,,,,,,,,,,,857,104
    ,MFL-4,H1,2024/22223 PU::TOP,690778AW25,171,102,123,159,159,151,154,161,121,124,150,366,369,200,100,61,,,,2500,182
    ,MFL-4,H2,2024/18691 GE::TOP,SPIDEY SWING PJ,211,50,80,100,80,115,125,131,169,150,0,0,,,,,,,,1000,106
  ,MC#240Op#250Hp#64Line#11     Total Production of MFL-4,,,,3533,1063,1469,1651,1515,1610,1570,1627,1712,1324,1060,1826,949,800,100,61,0,0,0,18337,
  ,Paper Top Attach (Op#1 / Hp#0),,,,"TOTAL OFT-Op#1, Hp#0",,,,,,,,,,,,,,,,,,,,
-,Unit,Line,Order No,Style Name,TGT,08-Sep,09-Oct,10-Nov,11-Dec,Dec-13,14-15,15-16,16-17,17-18,18-19,19-20,20-21,21-22,22-23,23-24,12-1(N),1-2(N),2-3(N),Total,Avg.Prod.
    ,FFL2-1,A,2024/23190 HM::TOP,310401-7616 DRAGONFLY DRESS (ALT-30),162,18-Jul,18-Jul,18-Jul,18-Jul,Jul-00,200,200,200,180,200,180,160,210,210,220,,,,2960,206
    ,FFL2-1,B,2024/23228 HM::TOP,313663-7648 HAPPY TEE CW 22,204,150,180,200,196,200,180,200,200,195,180,200,239,180,200,200,,,,2900,203
    ,FFL2-1,C,2024/22934 HM::TOP,302829-4215 ULRIK SNUG SL LIC PJ KB,158,,,,,,150,140,150,120,130,150,130,130,130,140,,,,1370,180
    ,FFL2-1,C,2024/23190 HM::TOP,310401-7616 DRAGONFLY DRESS (ALT-30),175,180,200,200,200,150,,,,,,,,,,,,,,930,180
    ,FFL2-1,D,2024/22653 HM::TOP,305844-1347 SANDY TEE LICENSE-VAN GOGH,131,20,50,20-Mar,20-Mar,85,70,80,85,80,85,95,60,80,60,60,,,,1070,234
    ,FFL2-1,D,2024/22683 HM::TOP,303636-7819 LIC. IMAN T-SHIRT (ALT-05 DISNEY-MOANA),197,70,130,130,150,155,130,135,150,145,140,115,100,130,180,180,,,,2040,234
    ,FFL2-1,E,2024/20524 HM::TOP,972121-7930 HEDVIG HALFZIP (ALT-06),26,15,15,30,30-Jan,Feb-00,50,,,,,,,,,,,,,180,116
    ,FFL2-1,E,2024/23228 HM::TOP,313663-7648 HAPPY TEE CW 22,178,,,,,,,150,170,130,120,130,140,140,140,140,,,,1260,116
    ,FFL2-1,F,2024/21848 HM::BOTTOM,295001-8748 ZAYN OTTOMAN STRUCTURE SET,145,40,60,80,85,90,85,60,60,60,60,50,40,150,,,,,,920,78
    ,FFL2-1,G,2024/23166 HM::BOTTOM,313362-7659 KYLE LC 2P SET,188,130,150,170,150,160,175,160,105,100,100,120,120,120,,,,,,1760,146
    ,FFL2-1,H,2024/21043 HM::TOP,285131-8716 MARS TEE,197,100,140,120,135,140,160,170,165,170,105,100,135,,,,,,,1640,167
    ,FFL2-1,H,2024/21848 HM::TOP,295001-8748 ZAYN OTTOMAN STRUCTURE SET,161,,,,,,,,,,,,,135,135,140,,,,410,167
    ,FFL2-1,I,2024/22225 HM::TOP,297510-7616 STEPH RIB TEE (ALT-09),146,120,130,130,130,130,100,100,115,120,125,135,130,130,130,135,,,,1860,137
    ,FFL2-1,J,2024/22226 HM::TOP,300852-7932 LAUREN LIC SL PJ,210,130,150,180,180,185,160,160,,,,,,,,,,,,1145,159
    ,FFL2-1,J,2024/22934 HM::BOTTOM,302829-4215 ULRIK SNUG SL LIC PJ KB,231,,,,,,,,165,190,170,170,160,115,110,125,,,,1205,159
    ,FFL2-1,K,2024/23201 HM::TOP,310932-7616 DRAGONFLY DRESS (ALT-34),185,180,200,200,200,200,190,200,200,200,200,200,190,220,210,210,,,,3000,210
  ,MC#227Op#230Hp#45Line#11     Total Production of FFL2-1,,,,2694,1335,1605,1720,1736,1735,1650,1755,1765,1690,1615,1645,1604,1740,1505,1550,0,0,0,24650,
  ,,,,,"TOTAL OFT-Op#0, Hp#0",,,,,,,,,,,,,,,,,,,,
-,Unit,Line,Order No,Style Name,TGT,08-Sep,09-Oct,10-Nov,11-Dec,Dec-13,14-15,15-16,16-17,17-18,18-19,19-20,20-21,21-22,22-23,23-24,12-1(N),1-2(N),2-3(N),Total,Avg.Prod.
    ,FFL2-2,A,2024/22198 HM::TANK TOP-3,298136-6585 SS BODY MIXED 3PACK,165,190,200,205,200,205,200,205,200,200,205,200,200,190,200,200,,,,3000,207
    ,FFL2-2,B,2024/22684 HM::BOTTOM,303659-6545 SUMMER SET LICENSE 2PCS,188,160,170,180,175,180,175,180,180,180,180,180,180,180,,,,,,2300,188
    ,FFL2-2,C,2024/23162 HM::TOP,311106-7616 DRAGONFLY DRESS (ALT-26),194,13-Jun,20-Mar,18-Jul,07-Aug,Jul-00,160,175,180,185,180,180,230,235,,,,,,2400,192
    ,FFL2-2,D,2024/21039 HM::TOP,284835-8716 LIC. MARS TEE,177,19-Feb,20-Mar,120,140,150,150,130,160,160,160,160,128,,,,,,,1588,150
    ,FFL2-2,D,2024/23257 HM::TOP-2,309853-8748 LIC KIM REG TEE 3P CW3,184,,,,,,,,,,,,,222,220,220,,,,662,150
    ,FFL2-2,E,269716-7932 HM::BOTTOM,269716-7932 CHRISSY WOVEN SHORTS,226,102,105,108,107,110,109,111,110,112,113,115,115,127,129,127,,,,1700,114
    ,FFL2-2,F,2024/22766 HM::TANK TOP-3,304935-6515 SS BODY 3PACK,110,,,,,Jan-00,40,60,91,,,,,,,,,,,196,88
    ,FFL2-2,F,2024/23162 HM::TOP,311106-7616 DRAGONFLY DRESS (ALT-26),166,150,180,110,64,,,,,,,,,,,,,,,504,88
    ,FFL2-2,G,2024/21284 HM::TOP,288739-8716 HAZEL TEE,98,,,,,,,,120,176,120,120,,,,,,,,536,252
    ,FFL2-2,G,2024/21609 HM::TOP,291392-8716 HAZEL TEE,121,50,55,80,100,100,90,53,,,,,,,,,,,,528,252
    ,FFL2-2,G,2024/22274 HM::TOP,301633 TANK TOP HALLE,224,100,100,100,100,100,100,100,100,140,140,140,140,140,140,160,,,,1800,252
    ,FFL2-2,G,2024/22964 HM::TOP,308170-8716 HAZEL TEE,98,,,,,,,,,,,,106,110,110,110,,,,436,252
    ,FFL2-2,H,2024/22198 HM::TANK TOP-2,298136-6585 SS BODY MIXED 3PACK,165,150,85,,,,,,,,,,,,,,,,,235,180
    ,FFL2-2,H,2024/22664 HM::TANK TOP-1,303092-6585 SS BODY MIXED 3PACK,169,,106,192,190,200,191,34,,,,,,,,,,,,913,180
    ,FFL2-2,H,2024/22766 HM::TANK TOP-2,304935-6515 SS BODY 3PACK,123,,,,,,,156,170,170,170,170,170,170,170,206,,,,1552,180
    ,FFL2-2,I,2024/23190 HM::TOP,310401-7616 DRAGONFLY DRESS (ALT-30),175,180,185,200,180,200,172,180,190,185,200,190,218,220,,,,,,2500,197
    ,FFL2-2,J,2024/22554 HM::TOP,303338-7616 STEPH RIB TEE (ALT-07),128,120,130,110,100,100,90,90,100,100,110,110,120,170,165,185,,,,1800,123
    ,FFL2-2,K,2024/22684 HM::TOP,303659-6545 SUMMER SET LICENSE 2PCS,194,160,170,180,180,180,180,180,180,180,180,180,175,175,,,,,,2300,183
  ,MC#235Op#237Hp#38Line#11     Total Production of FFL2-2,,,,2905,1577,1646,1785,1756,1740,1657,1654,1781,1788,1758,1745,1782,1939,1134,1208,0,0,0,24950,
  ,,,,,"TOTAL OFT-Op#0, Hp#0",,,,,,,,,,,,,,,,,,,,
-,Unit,Line,Order No,Style Name,TGT,08-Sep,09-Oct,10-Nov,11-Dec,Dec-13,14-15,15-16,16-17,17-18,18-19,19-20,20-21,21-22,22-23,23-24,12-1(N),1-2(N),2-3(N),Total,Avg.Prod.
    ,FFL2-3,A,2024/22681 HM::TOP,303932-7922 JESSICA LIC SL PJ KG,199,120,170,170,150,170,200,200,420,0,0,0,0,0,,,,,,1600,152
    ,FFL2-3,B,2024/20874 HM::TANK TOP-1,280494-6585 SS BODY MIXED 3PACK,207,180,110,,,,,,,,,,,,,,,,,290,205
    ,FFL2-3,B,2024/22195 HM::TANK TOP-3,297044-6515 SS BODY 3PACK,211,,40,120,180,190,200,200,200,200,200,200,200,200,200,380,,,,2710,205
    ,FFL2-3,C,2024/21275 HM::TOP,282369-7932 SAGA SL PJ,207,70,70,80,120,120,110,120,120,120,100,120,120,120,130,274,,,,1794,120
    ,FFL2-3,C,269716-7932 HM::BOTTOM,269716-7932 CHRISSY WOVEN SHORTS,88,06-Jan,,,,,,,,,,,,,,,,,,6,120
    ,FFL2-3,D,2024/23201 HM::TOP,310932-7616 DRAGONFLY DRESS (ALT-34),185,170,180,160,170,180,170,180,170,190,180,190,180,170,180,280,,,,2750,198
    ,FFL2-3,E,2024/23201 HM::TOP,310932-7616 DRAGONFLY DRESS (ALT-34),175,150,180,180,180,200,200,200,200,180,200,180,170,200,180,100,,,,2700,188
    ,FFL2-3,F,2024/23325 HM::TOP,308369-8401 PAULA SQUARE NECK HALTER TOP,142,00-Jan,00-Jan,00-Jan,00-Jan,Feb-00,50,50,60,50,80,50,100,90,90,140,,,,800,57
    ,FFL2-3,G,2024/19070 HM::TOP-2,263437-7819 LIC. PALMITA T-SHIRT 3PACK (SQUISHMALLOWS),109,,20,,,,,,,,,,,,,,,,,20,93
    ,FFL2-3,G,2024/21288 HM::TOP-2,285123-7819 LIC. PALMITA T-SHIRT 3PACK (SQUISHMALLOWS),109,,,6,,,,,,,,,,,,,,,,6,93
    ,FFL2-3,G,2024/23678 HM::TOP,RELAXED T-SHIRT 320233-8221,0,,,,,,,,,,,,,50,120,64,,,,234,93
    ,FFL2-3,G,2024/23682 HM::TOP,..PERFECT BOXY T-SHIRT..,142,0,40,70,90,80,60,40,70,110,120,100,140,70,,,,,,990,93
    ,FFL2-3,H,2024/22554 HM::TOP,303338-7616 STEPH RIB TEE (ALT-07),136,30,100,110,115,120,70,70,120,140,120,120,110,100,160,165,,,,1650,113
    ,FFL2-3,I,2024/22049 HM::TOP,297402-6545 RUPERT DUNGAREE,125,60,100,100,110,110,95,110,80,120,110,80,90,90,75,70,,,,1400,95
    ,FFL2-3,J,2024/22766 HM::TANK TOP-3,304935-6515 SS BODY 3PACK,185,150,180,180,190,190,180,190,180,180,190,180,190,180,190,250,,,,2800,187
    ,FFL2-3,K,2024/22184 HM::TOP,298311-7922 JESSICA LIC SL PJ KG,72,8,,,,,,,,,,,,,,,,,,8,196
    ,FFL2-3,K,2024/22681 HM::BOTTOM,303932-7922 JESSICA LIC SL PJ KG,220,160,180,190,180,180,180,170,180,190,190,180,180,170,180,267,,,,2777,196
    ,FFL2-3,K,2024/22837 HM::BTM,306731-306730 SH ADAM TROUSERS (ALT-02),70,,15,,,,,,,,,,,,,,,,,15,196
  ,MC#220Op#227Hp#44Line#11     Total Production of FFL2-3,,,,2582,1104,1385,1366,1485,1580,1515,1530,1800,1480,1490,1400,1480,1440,1505,1990,0,0,0,22550,
  ,,,,,"TOTAL OFT-Op#0, Hp#0",,,,,,,,,,,,,,,,,,,,
-,Unit,Line,Order No,Style Name,TGT,08-Sep,09-Oct,10-Nov,11-Dec,Dec-13,14-15,15-16,16-17,17-18,18-19,19-20,20-21,21-22,22-23,23-24,12-1(N),1-2(N),2-3(N),Total,Avg.Prod.
    ,FFL2-4,A,2024/22274 HM::TOP,301633 TANK TOP HALLE,391,170,180,180,190,280,260,270,260,270,160,170,170,180,600,780,,,,4120,297
    ,FFL2-4,A,2024/22725 HM::BOTTOM,302601 QD BULLDOG JERSEY JORTS,0,,,,,,,,,,,,,10,10,20,,,,40,297
    ,FFL2-4,A,2024/22803 HM::BOTTOM-1,305880-7659 HARRY LC 2PACK SHORTS PACK-1,161,110,,,,,,,,,,,,,,,,,,110,297
    ,FFL2-4,B,2024/23682 HM::TOP,..PERFECT BOXY T-SHIRT..,130,115,0,50,100,100,100,120,120,130,120,130,245,105,90,55,,,,1580,127
    ,FFL2-4,C,2024/21772 HM::TOP,293595-293592 MIRANDA DRESS (ALT- 01),100,,,,,,,,,,,,,211,,,,,,211,150
    ,FFL2-4,C,2024/21805 HM::TOP,294390-294392 MIRANDA DRESS (ALT- 05),103,,,,,,,,,,,,,35,,,,,,35,150
    ,FFL2-4,C,2024/22225 HM::TOP,297510-7616 STEPH RIB TEE (ALT-09),160,120,220,125,130,125,130,125,125,110,110,130,130,,,,,,,1580,150
    ,FFL2-4,C,2024/22554 HM::TOP,303338-7616 STEPH RIB TEE (ALT-07),128,,,,,,,,,,,,,,50,184,,,,234,150
    ,FFL2-4,D,2024/23162 HM::TOP,311106-7616 DRAGONFLY DRESS (ALT-26),166,170,175,175,175,170,130,175,175,170,220,170,170,160,200,215,,,,2650,177
    ,FFL2-4,E,2024/23250 HM::TOP,203157-7648 BOB CREW C W-2,52,0,0,0,10,10,10,15,5,,,,,,,,,,,50,7
    ,FFL2-4,F,2024/22654 HM::TOP,303504-8748 LICENSE KIM TEE C.W-5,210,18-Jun,160,170,170,160,170,170,160,160,165,150,150,150,140,155,,,,2400,160
    ,FFL2-4,G,2024/21140 HM::TOP,282294 TANK TOP HALLE,171,,,,,,170,170,170,170,205,120,140,160,140,430,,,,1875,180
    ,FFL2-4,G,2024/22274 HM::TOP,301633 TANK TOP HALLE,196,170,180,170,170,135,,,,,,,,,,,,,,825,180
    ,FFL2-4,H,2024/22693 HM::TOP,306226-6545 JASPER SS SL ROMPER,97,100,100,90,100,110,70,90,90,120,110,90,130,100,140,110,,,,1550,107
    ,FFL2-4,I,2024/22657 HM::TOP,303152 POPPY SS TEE,83,120,90,90,95,95,90,90,80,80,,,,,,,,,,830,95
    ,FFL2-4,J,2024/16554 HM::TOP2,231816-7668 ROBIN CREWNECK KB 3PACK,176,,,160,150,160,150,160,35,,,,,,,,,,,815,111
    ,FFL2-4,J,2024/16554 HM::TOP3,231816-7668 ROBIN CREWNECK KB 3PACK,176,160,156,,,,,,,,,,,,,,,,,316,111
    ,FFL2-4,J,2024/20722 HM::TOP1,980708-7668 ROBIN CREWNECK 3PACK KB,88,,,,,,,,56,,,,,,,,,,,56,111
    ,FFL2-4,J,2024/20722 HM::TOP2,980708-7668 ROBIN CREWNECK 3PACK KB,176,,,,,,,,,84,0,,,,,,,,,84,111
    ,FFL2-4,J,2024/22786 HM::TOP,999780 MAGIC CREW C.W-5,160,,,,,,,,,,,60,60,90,90,89,,,,389,111
    ,FFL2-4,K,2024/22190 HM::TOP,298082-7922 BILLIE LIC SL PJ KG,178,,,,,,,,,,,,100,103,,,,,,203,193
    ,FFL2-4,K,2024/23162 HM::TOP,311106-7616 DRAGONFLY DRESS (ALT-26),166,150,160,170,170,130,170,170,170,160,150,160,,,400,537,,,,2697,193
  ,MC#216Op#218Hp#42Line#11     Total Production of FFL2-4,,,,3268,1555,1421,1380,1460,1475,1450,1555,1446,1454,1240,1180,1295,1304,1860,2575,0,0,0,22650,
  ,"Acting Supervisor (Op#1 / Hp#0) , Scissoring (Op#0 / Hp#1)",,,,"TOTAL OFT-Op#1, Hp#1",,,,,,,,,,,,,,,,,,,,
-,Unit,Line,Order No,Style Name,TGT,08-Sep,09-Oct,10-Nov,11-Dec,Dec-13,14-15,15-16,16-17,17-18,18-19,19-20,20-21,21-22,22-23,23-24,12-1(N),1-2(N),2-3(N),Total,Avg.Prod.
    ,FFL2-5,A,2024/21039 HM::TOP,284835-8716 LIC. MARS TEE,11,,,,,,,,,,,,,,97,,,,,97,167
    ,FFL2-5,A,2024/22654 HM::TOP,303504-8748 LICENSE KIM TEE C.W-5,186,130,150,150,150,100,100,130,140,150,150,150,130,150,28,,,,,1808,167
    ,FFL2-5,A,2024/23146 HM::TOP,309729-4225 KEVIN LIC SL PJ,23,,,,,,,,,,,,,,,145,,,,145,167
    ,FFL2-5,B,2024/23235 HM::BTM-1,310034-6563 SS PJ LIC 4PCS SET,279,19-Feb,19-Apr,19-Apr,29-May,Jun-00,180,200,200,200,200,200,200,200,200,220,,,,2600,204
    ,FFL2-5,C,2024/23116 HM::TOP,309932-309931 LIC. DRAGONFLY (ALT-03 DISNEY-MINNIE),194,130,180,160,200,200,200,200,160,180,100,150,200,250,290,250,,,,2850,199
    ,FFL2-5,D,2024/23162 HM::TOP,311106-7616 DRAGONFLY DRESS (ALT-26),185,80,200,180,200,100,130,200,190,210,200,200,200,200,210,300,,,,2800,192
    ,FFL2-5,E,2024/22778 HM::TOP,306729-306728 SH KG ELLEN TOP ALT-02,215,160,180,180,81,,,,,,,,,,,,,,,601,170
    ,FFL2-5,E,2024/23235 HM::TOP-1,310034-6563 SS PJ LIC 4PCS SET,131,,,,99,180,180,180,160,160,160,150,160,160,160,200,,,,1949,170
    ,FFL2-5,F,2024/22224 HM::PYJAMA-1,298277-6563 SS PJ 2PACK,143,100,110,110,120,120,120,120,120,120,120,120,100,120,120,180,,,,1800,120
    ,FFL2-5,G,2024/22726 HM::BOTTOM,306639-7932 ESTELLE JERSEY TROUSER,215,50,80,120,120,120,120,120,120,,,,,,,,,,,850,106
    ,FFL2-5,H,2024/22225 HM::TOP,297510-7616 STEPH RIB TEE (ALT-09),141,100,110,30,,,,,,,,,,,,,,,,240,120
    ,FFL2-5,H,2024/22554 HM::TOP,303338-7616 STEPH RIB TEE (ALT-07),106,,,30-Mar,29-Apr,Apr-00,120,120,120,120,120,120,120,120,120,150,,,,1560,120
    ,FFL2-5,I,2024/23146 HM::BOTTOM,309729-4225 KEVIN LIC SL PJ,239,100,140,150,150,150,150,170,150,150,150,150,140,150,80,100,,,,2080,142
    ,FFL2-5,J,2024/23146 HM::BOTTOM,309729-4225 KEVIN LIC SL PJ,194,100,80,90,110,100,110,140,120,120,150,150,140,140,140,210,,,,1900,138
    ,FFL2-5,K,2024/22654 HM::TOP,303504-8748 LICENSE KIM TEE C.W-5,179,130,150,150,150,130,130,160,,,,,,,,,,,,1000,150
    ,FFL2-5,K,2024/23146 HM::TOP,309729-4225 KEVIN LIC SL PJ,217,,,,,,,,150,160,160,150,150,160,170,150,,,,1250,150
  ,MC#230Op#230Hp#45Line#11     Total Production of FFL2-5,,,,2658,1130,1490,1520,1650,1500,1540,1740,1630,1570,1510,1540,1540,1650,1615,1905,0,0,0,23530,
  ,Scissoring (Op#2 / Hp#0),,,,"TOTAL OFT-Op#2, Hp#0",,,,,,,,,,,,,,,,,,,,
-,Unit,Line,Order No,Style Name,TGT,08-Sep,09-Oct,10-Nov,11-Dec,Dec-13,14-15,15-16,16-17,17-18,18-19,19-20,20-21,21-22,22-23,23-24,12-1(N),1-2(N),2-3(N),Total,Avg.Prod.
    ,JKL-U2-1,A1,2024/21987 CA::TOP-TEE,2235859 SH-ASINAN-01 PEACH TOP PAINTED PALM AOP BOTTOM,125,100,80,90,100,100,100,100,100,105,100,100,100,100,100,95,,,,1470,113
    ,JKL-U2-1,A2,2024/22731 HM::TOP,305899 EBBE LC TEE C.W-25,204,160,160,160,160,160,160,160,160,160,160,160,160,160,230,235,,,,2545,180
    ,JKL-U2-1,A3,2024/22688 HM::TOP,305636-8716 LIC. CHARLIE TEE,229,18-Jun,13-Jun,08-Jun,28-Jun,Jun-00,170,160,170,170,170,170,170,170,200,255,,,,2650,199
    ,JKL-U2-1,B1,2024/21783 CA::SHIRT,2238986 ICEPACK,81,70,70,80,70,90,80,85,80,85,80,85,80,85,80,100,,,,1220,93
    ,JKL-U2-1,B3,2024/22688 HM::TOP,305636-8716 LIC. CHARLIE TEE,161,,,,,,,,,,10,10,130,190,250,250,,,,840,175
    ,JKL-U2-1,B3,2024/23324 HM::TOP,308142-8716 LIC. CHARLIE TEE,186,140,140,140,150,130,150,140,140,140,140,140,,,,,,,,1550,175
    ,JKL-U2-1,C1,2024/19812 PU::BOTTOM,KEY GRAPHIC TEE AND SHORTS SET PS 1 B,86,10-Jan,10-Jan,10-Jan,10,50,50,60,70,70,70,100,100,100,100,140,,,,950,80
    ,JKL-U2-1,C2,2024/18310 NF::BOTTOM,BOYS RADLER,255,180,150,170,160,190,170,170,170,170,170,200,170,170,140,100,,,,2480,183
    ,JKL-U2-1,C3,2024/19618 PU::BOTTOM,691713SS25KEY GRAPHIC TEE AND LEGGINGS SET PS 1 G,119,80,70,80,90,90,100,90,100,70,90,90,120,130,120,110,,,,1430,117
    ,JKL-U2-1,D1,2024/21987 CA::TOP-TEE,2235859 SH-ASINAN-01 PEACH TOP PAINTED PALM AOP BOTTOM,140,100,90,100,100,110,110,110,120,110,110,110,110,100,110,110,,,,1600,116
    ,JKL-U2-1,D2,2024/21987 CA::BOTTOM-SHORT,2235859 SH-ASINAN-01 PEACH TOP PAINTED PALM AOP BOTTOM,153,110,100,100,100,100,100,100,100,100,100,100,100,100,160,155,,,,1625,129
    ,JKL-U2-1,D3,2024/24393 CA::TOP,2224041QEIR7-QR-NOS-2224041 SYDNEY 24 VN SOLID M,180,150,50,70,70,150,150,150,130,120,120,110,100,100,100,130,,,,1700,160
    ,JKL-U2-1,E1,2024/21783 CA::SHIRT,2238986 ICEPACK,75,80,60,80,80,70,70,70,70,80,80,70,70,70,60,120,,,,1130,87
    ,JKL-U2-1,E3,2024/21987 CA::BOTTOM-SHORT,2235859 SH-ASINAN-01 PEACH TOP PAINTED PALM AOP BOTTOM,147,100,80,50,80,80,100,100,100,100,100,100,100,90,100,250,,,,1530,132
    ,JKL-U2-1,F1,2024/21544 CA::T SHIRT,2236081 NEW YORK,138,120,90,90,100,100,100,100,100,100,100,100,100,150,150,150,,,,1650,126
    ,JKL-U2-1,F3,2024/24380 CA::TOP,2223782QEIR9-QR-NOS-2223782 SYDNEY 24 RN SOLID M,149,150,150,100,150,120,120,120,150,120,150,120,130,130,90,100,,,,1900,152
  ,MC#399Op#378Hp#106Line#15     Total Production of JKL-U2-1,,,,2428,1720,1465,1480,1600,1710,1730,1715,1760,1700,1750,1765,1740,1845,1990,2300,0,0,0,26270,
  ,"Acting Supervisor (Op#2 / Hp#0) , Scissoring (Op#3 / Hp#1)",,,,"TOTAL OFT-Op#5, Hp#1",,,,,,,,,,,,,,,,,,,,
-,Unit,Line,Order No,Style Name,TGT,08-Sep,09-Oct,10-Nov,11-Dec,Dec-13,14-15,15-16,16-17,17-18,18-19,19-20,20-21,21-22,22-23,23-24,12-1(N),1-2(N),2-3(N),Total,Avg.Prod.
    ,JKL-U2-2,A1,2024/22268 CA::TROUSERS-2,2236302 SU 241 PYJAMA PANT OL,138,160,130,140,130,140,130,140,130,50,50,155,,,,,,,,1355,162
    ,JKL-U2-2,A3,2024/21374 CA::PANT,2231560 PANT CL 77 BLUE CHECK JERSEY SHORT,169,160,140,130,140,140,130,140,130,130,140,140,130,120,100,130,,,,2000,154
    ,JKL-U2-2,B1,2024/22143 CA::T SHIRT,2234410 HAIKOU TEE MXL,51,,,,,,,,,,,,,,,30,,,,30,157
    ,JKL-U2-2,B1,2024/22549 GSS::TOP,Q5YI91R1 (SOLIAGE TEE),171,140,120,130,130,180,140,130,140,140,130,140,130,140,250,210,,,,2250,157
    ,JKL-U2-2,B2,2024/15919 KM::TANK TOP,04NSKST3AYFWB3 T-SL RIB TANK,154,,17,,,,,,,,,,,,,,,,,17,110
    ,JKL-U2-2,B2,2024/22202 CA::SKIRT-1,2236276 SU 241 KNITTED SKIRTS,57,,,,,,,,,,,,5,5,90,150,,,,250,110
    ,JKL-U2-2,B2,2024/22202 CA::SKIRT-2,2236276 SU 241 KNITTED SKIRTS,125,29-Apr,09-Apr,30-Mar,09-Apr,Mar-00,100,100,90,100,93,100,90,100,,,,,,1273,110
    ,JKL-U2-2,B3,2024/22216 HM::TOP,297509-7616 STEPH RIB TEE (ALT-08),110,,,,,,160,,,100,110,100,100,100,,,,,,670,136
    ,JKL-U2-2,B3,2024/22572 HM::TOP,303671-7616 STEPH RIB TEE (ALT-04),146,110,100,100,110,90,,100,100,,,,,,150,150,,,,1010,136
    ,JKL-U2-2,C1,2024/22143 CA::T SHIRT,2234410 HAIKOU TEE MXL,171,09-Apr,10-Mar,20-Mar,29-Apr,Apr-00,130,140,130,140,130,150,130,140,190,190,,,,1960,150
    ,JKL-U2-2,C2,2024/22619 HM::TOP,304334-8716 LEAH LP DRESS,210,19-May,09-Apr,29-Apr,19-Apr,Apr-00,100,100,100,120,100,100,100,410,,,,,,1700,145
    ,JKL-U2-2,C3,2024/22572 HM::TOP,303671-7616 STEPH RIB TEE (ALT-04),141,125,100,120,110,100,115,110,100,100,110,100,100,110,150,150,,,,1700,132
    ,JKL-U2-2,D1,2024/22572 HM::TOP,303671-7616 STEPH RIB TEE (ALT-04),146,130,120,120,110,120,120,110,120,130,120,130,110,120,100,150,,,,1810,128
    ,JKL-U2-2,D2,2024/22780 HM::TOP,306349-8716 MARS TEE,197,09-Apr,80,120,100,100,150,140,140,150,140,80,140,140,100,270,,,,1950,143
    ,JKL-U2-2,D3,2024/21320 CA::T-SHIRT,2236156 ELIAS,177,160,140,130,140,130,150,130,140,130,140,100,130,140,310,310,,,,2380,171
    ,JKL-U2-2,E1,2024/21320 CA::T-SHIRT,2236156 ELIAS,169,150,140,150,140,150,140,130,140,196,100,100,100,130,200,239,,,,2205,158
    ,JKL-U2-2,E2,2024/22202 CA::SKIRT-1,2236276 SU 241 KNITTED SKIRTS,133,120,100,100,100,100,100,100,100,100,100,80,80,80,,,,,,1260,133
    ,JKL-U2-2,E2,2024/22202 CA::SKIRT-2,2236276 SU 241 KNITTED SKIRTS,63,,,,,,,,,5,10,5,5,5,180,255,,,,465,133
    ,JKL-U2-2,E3,2024/22572 HM::TOP,303671-7616 STEPH RIB TEE (ALT-04),145,120,110,120,110,120,110,120,110,120,110,120,110,120,120,180,,,,1800,141
    ,JKL-U2-2,F1,2024/22784 CA::T SHIRT,2236174 LIBACK TEE MXL,169,130,100,120,110,110,120,100,110,100,100,100,130,340,200,230,,,,2100,158
    ,JKL-U2-2,F2,2024/24380 CA::TOP,2223782QEIR9-QR-NOS-2223782 SYDNEY 24 RN SOLID M,156,180,160,150,160,150,160,150,160,150,170,150,120,130,45,50,,,,2085,163
    ,JKL-U2-2,F3,2024/21320 CA::T-SHIRT,2236156 ELIAS,160,150,130,130,130,120,130,130,140,130,115,130,100,100,60,105,,,,1800,137
  ,MC#420Op#401Hp#66Line#17     Total Production of JKL-U2-2,,,,3158,13-Apr,1957,2050,11-Aug,Aug-05,2185,2070,2080,2091,1968,1980,1810,2430,2245,2799,0,0,0,32070,
  ,Scissoring (Op#4 / Hp#0),,,,"TOTAL OFT-Op#4, Hp#0",,,,,,,,,,,,,,,,,,,,
-,Unit,Line,Order No,Style Name,TGT,08-Sep,09-Oct,10-Nov,11-Dec,Dec-13,14-15,15-16,16-17,17-18,18-19,19-20,20-21,21-22,22-23,23-24,12-1(N),1-2(N),2-3(N),Total,Avg.Prod.
    ,JKL-U2-3,A1,2024/21091 CA::SHORTS,2236365 SU LIC KNITTED SHORT,116,40,30,20,20,30,20,20,80,40,40,50,50,50,110,100,,,,700,53
    ,JKL-U2-3,A2,2024/22694 HM::TOP,305404-7616 DRAGONFLY DRESS (ALT-21),212,200,190,195,190,195,180,170,180,170,180,170,170,140,,,,,,2330,201
    ,JKL-U2-3,A3,2024/21373 CA::BOTTOM,2234459 KNITTED BERMUDA,114,70,60,50,60,50,80,70,60,50,55,60,125,120,,,,,,910,89
    ,JKL-U2-3,B1,2235877 CA::LEGGINGS,18973,123,110,50,30,20,30,10,35,40,50,55,70,100,100,,,,,,700,82
    ,JKL-U2-3,B2,2024/22694 HM::TOP,305404-7616 DRAGONFLY DRESS (ALT-21),212,200,180,170,180,170,180,170,180,170,180,170,250,200,,,,,,2400,219
    ,JKL-U2-3,C1,2024/16235 CA::Leggings-3,2232381R1 2232381 341 capri lace legging,94,,,,,,,,,,,,,100,,,,,,100,230
    ,JKL-U2-3,C1,2024/20307 BES::PANT,13243172 NMFHAILE CAPRI LEGGING,252,210,200,220,220,130,120,130,100,140,130,200,600,300,,,,,,2700,230
    ,JKL-U2-3,C2,2235879 CA::TOP-TANGTAOP,18973,194,170,130,150,150,150,150,160,150,180,180,170,130,130,,,,,,2000,165
    ,JKL-U2-3,C3,2024/22696 HM::TOP,304774-8716 LIC. CHARLIE TEE,229,180,140,130,135,140,135,140,135,165,100,140,160,200,,,,,,1900,159
    ,JKL-U2-3,D1,2024/21600 CA::SHORTS-2,3 PCK KNITTED BERMUDA,95,19-May,29-Apr,19-Apr,19-Apr,Apr-00,100,115,110,125,100,110,,,,,,,,1250,113
    ,JKL-U2-3,D2,2024/23554 HM::TOP,317344-7616 DRAGONFLY DRESS (ALT-29),231,200,200,200,200,200,200,200,200,200,200,200,200,200,,,,,,2600,197
    ,JKL-U2-3,D3,2235879 CA::BTM-SHORTS,18973,139,110,110,100,100,100,130,110,110,110,130,110,110,110,110,100,,,,1650,111
    ,JKL-U2-3,E1,2024/22696 HM::TOP,304774-8716 LIC. CHARLIE TEE,179,113,,,,,,,,,,,,,,,,,,113,166
    ,JKL-U2-3,E1,2024/22931 HM::TOP,308174-8716 LIC. CHARLIE TEE,168,,177,160,150,140,150,140,150,160,150,140,170,170,,,,,,1857,166
    ,JKL-U2-3,E2,2024/19623 PU::TOP,677896SS25R2 PUMA POWER CROPPED TEE,151,140,120,130,130,120,130,135,135,140,142,148,150,150,,,,,,1770,148
    ,JKL-U2-3,E3,2024/21600 CA::SHORTS-3,3 PCK KNITTED BERMUDA,98,120,100,120,120,120,100,90,100,50,50,90,,,,,,,,1060,100
    ,JKL-U2-3,F1,2024/19894 BES::SS BODY,13243125 NBFLAVO EVI SS SLIM BODY LIL,90,60,60,45,,,,,,,,,,,,,,,,165,99
    ,JKL-U2-3,F1,2024/20219 BES::LS BODY,13242907 NBMHELP M LS BODY,87,,,,10-Mar,70,80,90,90,120,150,185,,,,,,,,855,99
    ,JKL-U2-3,F2,2024/20307 BES::PANT,13243172 NMFHAILE CAPRI LEGGING,338,,,,100,100,220,,,,,180,250,250,,,,,,1100,204
    ,JKL-U2-3,F2,2024/21502 CA::T SHIRT,2236117 VANCOUVER MXL,213,140,100,100,,,,240,220,100,100,,,,,,,,,1000,204
    ,JKL-U2-3,F3,2024/21502 CA::T SHIRT,2236117 VANCOUVER MXL,189,160,150,150,160,160,160,160,160,190,210,,,,,,,,,1660,176
  ,MC#392Op#373Hp#108Line#17     Total Production of JKL-U2-3,,,,3524,2363,2117,2080,2115,2015,2145,2175,2200,2160,2152,2193,2465,2220,220,200,0,0,0,28820,
  ,"Acting Supervisor (Op#5 / Hp#0) , Scissoring (Op#0 / Hp#1)",,,,"TOTAL OFT-Op#5, Hp#1",,,,,,,,,,,,,,,,,,,,
-,Unit,Line,Order No,Style Name,TGT,08-Sep,09-Oct,10-Nov,11-Dec,Dec-13,14-15,15-16,16-17,17-18,18-19,19-20,20-21,21-22,22-23,23-24,12-1(N),1-2(N),2-3(N),Total,Avg.Prod.
    ,JKL-U2-4,A1,2024/20849 CA::TOP,2230230 KG SS COTTON LICENSE SET,221,200,180,180,180,180,150,150,150,150,150,150,150,150,290,305,,,,2715,201
    ,JKL-U2-4,A2,2024/22627 HM::TOP,300161-4215 AUGUST LIC SL PJ KB,216,200,170,170,,,,,,,,,,,,,,,,540,195
    ,JKL-U2-4,A2,2024/23223 HM::TOP,308757-4215 AUGUST LIC SL PJ KB,216,,,,170,170,170,170,170,170,170,170,170,170,230,230,,,,2160,195
    ,JKL-U2-4,A3,2024/18157 NF::BOTTOM 1,859877 LADIES LEGGINGS,201,09-May,130,09-May,09-May,May-00,130,130,130,130,130,130,110,110,,,,,,1650,141
    ,JKL-U2-4,B1,2024/21613 CA::DRESS,2236766 JASAHI,154,200,100,100,120,120,120,150,190,,,,,,,,,,,1100,141
    ,JKL-U2-4,B2,2024/23223 HM::BOTTOM,308757-4215 AUGUST LIC SL PJ KB,264,220,200,150,150,150,200,200,200,200,200,200,290,290,,,,,,2650,235
    ,JKL-U2-4,B3,2024/18158 NF::BOTTOM 2,860789 LADIES RADLER,223,160,19-May,19-May,19-May,May-00,140,140,150,150,150,150,280,280,,,,,,2160,183
    ,JKL-U2-4,C1,2024/18157 NF::BOTTOM 1,859877 LADIES LEGGINGS,91,,7,,,,,,,,,,,,,,,,,7,244
    ,JKL-U2-4,C1,2024/18157 NF::BOTTOM 2,859877 LADIES LEGGINGS,269,200,193,200,200,200,200,200,200,200,360,,,,,,,,,2153,244
    ,JKL-U2-4,C2,2024/21249 CA::PANT AOP,2231536 2 PACK CL 74 BLUE AOP,100,80,80,60,60,60,60,60,60,60,,,,,,,,,,580,94
    ,JKL-U2-4,C2,2024/21249 CA::PANT SOLID,2231536 2 PACK CL 74 BLUE AOP,104,,,,,,,,,,60,60,100,100,150,150,,,,620,94
    ,JKL-U2-4,C3,2235873 CA::BIG SHIRT,18966,170,100,80,80,80,80,120,200,200,160,150,70,120,120,100,100,,,,1760,135
    ,JKL-U2-4,D1,2024/21677 CA::SINGLET-2,2235805 SP3-PACK SINGLET,134,100,100,110,120,120,120,160,120,120,120,120,125,130,,,,,,1565,130
    ,JKL-U2-4,D2,2024/18220 NF::BOTTOM,857960 GIRLS CAPRI LEGGINGS,147,,,,,,,,41,,,,,,,,,,,41,185
    ,JKL-U2-4,D2,2024/20849 CA::BOTTOM,2230230 KG SS COTTON LICENSE SET,193,18-Jun,29-May,29-May,29-May,Jun-00,160,160,160,160,160,150,135,135,,,,,,2000,185
    ,JKL-U2-4,D3,2024/21249 CA::PANT AOP,2231536 2 PACK CL 74 BLUE AOP,55,,50,,,,,,,,,,,,,50,,,,100,122
    ,JKL-U2-4,D3,2024/21249 CA::PANT SOLID,2231536 2 PACK CL 74 BLUE AOP,122,100,100,100,110,110,110,110,110,110,110,110,110,110,100,,,,,1500,122
    ,JKL-U2-4,E1,2024/18221 NF::BOTTOM,857963 GIRLS CAPRI LEGGINGS,231,,,200,200,200,200,200,200,200,200,300,,,,,,,,1900,243
    ,JKL-U2-4,E1,2024/18223 NF::BOTTOM,860567 GIRLS CAPRI LEGGINGS,264,200,200,,,,,,,,,,,,,,,,,400,243
    ,JKL-U2-4,E2,2024/20849 CA::BOTTOM,2230230 KG SS COTTON LICENSE SET,202,180,170,170,170,180,170,170,170,170,170,170,100,155,,,,,,2145,183
    ,JKL-U2-4,E3,2024/20849 CA::TOP,2230230 KG SS COTTON LICENSE SET,213,170,150,150,150,170,170,160,160,160,160,150,150,150,175,175,,,,2400,183
    ,JKL-U2-4,F1,2024/20844 GSS::TOP,GIOELLE TOP LS,126,80,80,80,80,80,80,80,80,80,80,55,,,,,,,,855,107
    ,JKL-U2-4,F1,2024/22030 GSS::TOP,LS FLEECE CORE,105,,,09-Apr,,,,,,,,45,,,,,,,,145,107
    ,JKL-U2-4,F2,2024/18220 NF::BOTTOM,857960 GIRLS CAPRI LEGGINGS,279,200,200,200,200,200,200,200,200,200,200,370,,,,,,,,2370,260
    ,JKL-U2-4,F3,2024/21613 CA::DRESS,2236766 JASAHI,143,100,100,100,100,100,100,100,,,,,,,,,,,,700,127
    ,JKL-U2-4,F3,2024/21683 CA::DRESS,2238705 JASAHI STRIPE,96,,45,50,,,,,155,,,,,,,,,,,250,127
  ,MC#390Op#370Hp#98Line#18     Total Production of JKL-U2-4,,,,4539,2790,2625,2620,2510,2550,2600,2740,2846,2420,2570,2400,1840,1900,1045,1010,0,0,0,34466,
  ,Scissoring (Op#6 / Hp#0),,,,"TOTAL OFT-Op#6, Hp#0",,,,,,,,,,,,,,,,,,,,
-,Unit,Line,Order No,Style Name,TGT,08-Sep,09-Oct,10-Nov,11-Dec,Dec-13,14-15,15-16,16-17,17-18,18-19,19-20,20-21,21-22,22-23,23-24,12-1(N),1-2(N),2-3(N),Total,Avg.Prod.
    ,JKL-U2-5,A1,2024/21396 CA::SINGLET-2,2236253 SU 241 RIB SINGLET,139,120,100,80,80,80,80,120,120,120,120,120,160,160,125,125,,,,1710,131
    ,JKL-U2-5,A2,2024/20417 BES::DRESS,13243173 NMFHAILE CAP SL DRESS,138,120,80,50,50,50,50,100,120,80,120,120,250,240,,,,,,1430,121
    ,JKL-U2-5,A3,2024/21984 CA::TANGTOP,2235857 BS-LANDRY-01 PAINTED PALM AOP M,223,180,150,150,150,150,150,150,150,240,240,140,,,,,,,,1850,181
    ,JKL-U2-5,B1,2024/23621 HM::TOP,318838-7616 EVELYN TOP (ALT-02),228,200,190,190,190,190,190,190,190,180,180,210,170,170,,,,,,2440,214
    ,JKL-U2-5,B2,2024/23307 HM::TOP,310920-7616 EVELYN TOP (ALT-04),200,180,170,170,160,160,170,160,170,160,170,180,190,190,180,180,,,,2590,202
    ,JKL-U2-5,B3,2024/19896 BES::DRESS,13243100 NBFLAVO EKI SS BODY DRESS LIL,71,20,20,20,20,Jan-00,20,20,30,40,40,60,140,170,,,,,,620,57
    ,JKL-U2-5,C1,2024/23307 HM::TOP,310920-7616 EVELYN TOP (ALT-04),223,200,150,150,150,150,100,120,120,100,120,120,280,280,290,290,,,,2620,216
    ,JKL-U2-5,C2,2024/23621 HM::TOP,318838-7616 EVELYN TOP (ALT-02),238,200,160,200,200,180,180,200,180,200,140,160,135,135,,,,,,2270,207
    ,JKL-U2-5,C3,2024/20672 GSS::TOP,SAMUEL CN SS TEE,212,180,19-May,150,160,170,170,180,170,190,200,190,190,150,,,,,,2240,195
    ,JKL-U2-5,C3,2024/20787 GSS::T- SHIRT,FLORA TEE,0,,,,,,,,,,,,,,175,185,,,,360,195
    ,JKL-U2-5,D1,2024/21400 CA::TOP,2231442 PJ CORE 12 BRIGHT COL STRIPE SHORT,147,130,80,80,80,80,100,100,100,100,100,50,,,,,,,,1000,101
    ,JKL-U2-5,D2,2024/18217 NF::BOTTOM,857964 GIRLS RADLERS,165,,,3,,,,,,,,,,,,,,,,3,173
    ,JKL-U2-5,D2,2024/18222 NF::BOTTOM,857966 GIRLS RADLER,165,,,,14,,,,,,,,,,,,,,,14,173
    ,JKL-U2-5,D2,2024/21261 CA::BOTTOM,2231440 PJ CORE 12 GREEN SHADOW STRIPE,105,,,,,Feb-00,,,,,,,,,,,,,,59,173
    ,JKL-U2-5,D2,2024/21400 CA::BOTTOM,2231442 PJ CORE 12 BRIGHT COL STRIPE SHORT,198,170,130,147,136,91,150,150,150,150,150,150,,,,,,,,1574,173
    ,JKL-U2-5,D3,2024/21997 CA::LEGGINGS,2235860 BO-APALAZZO-01 PAINTED PALM AOP,148,110,100,100,100,100,100,100,100,100,100,100,100,100,170,170,,,,1650,130
    ,JKL-U2-5,E1,2024/18165 NF::BOTTOM 1,858498 LADIES RADLER,234,180,180,180,180,180,170,160,170,160,170,170,140,150,125,125,,,,2440,205
    ,JKL-U2-5,E2,2024/18165 NF::BOTTOM 2,858498 LADIES RADLER,216,180,170,170,170,170,170,170,170,26,,,250,250,220,220,,,,2336,231
    ,JKL-U2-5,E2,2024/18170 NF::BOTTOM,859240 GIRLS RADLERS,225,,,,,,,,,144,170,170,,,,,,,,484,231
    ,JKL-U2-5,E3,2024/21968 CA::TANKTOP,2234649 + 2243391 SANURA,245,210,210,200,200,200,200,200,200,200,200,400,,,,,,,,2420,242
    ,JKL-U2-5,F1,2024/21997 CA::LEGGINGS,2235860 BO-APALAZZO-01 PAINTED PALM AOP,152,110,110,110,110,110,110,110,110,110,110,110,100,100,140,140,,,,1690,133
    ,JKL-U2-5,F3,2024/21968 CA::TANKTOP,2234649 + 2243391 SANURA,245,180,180,180,180,180,234,,,,,,,,,,,,,1134,197
    ,JKL-U2-5,F3,2024/24411 CA::TOP,2223782 Sydney 24 RN Solid M,159,,,,,,,160,160,160,160,160,140,160,145,195,,,,1440,197
  ,MC#390Op#369Hp#86Line#17     Total Production of JKL-U2-5,,,,4076,2670,2320,2330,2330,2320,2344,2390,2410,2460,2490,2610,2245,2255,1570,1630,0,0,0,34374,
  ,Scissoring (Op#2 / Hp#1),,,,"TOTAL OFT-Op#2, Hp#1",,,,,,,,,,,,,,,,,,,,
-,Unit,Line,Order No,Style Name,TGT,08-Sep,09-Oct,10-Nov,11-Dec,Dec-13,14-15,15-16,16-17,17-18,18-19,19-20,20-21,21-22,22-23,23-24,12-1(N),1-2(N),2-3(N),Total,Avg.Prod.
    ,FFL2-PADMA,17,2024/11188 CA::T2,2209174-07 5PCS TRUNK,386,400,409,,,,,,,,,,,,,,,,,809,395
    ,FFL2-PADMA,17,2024/16723 CA::T1,2223454-2142763-33 3 PCS TRUNK,371,,,400,318,289,240,,,,,,,,,,,,,1247,395
    ,FFL2-PADMA,17,2024/16754 CA::T1,2143265-2215066-33 5 PCS TRUNK,190,,,,,,253,,,,,,,,,,,,,253,395
    ,FFL2-PADMA,17,2024/18082 CA::T3,2143266-2215067-30 5PCS TRUNK,333,,,,,,,400,341,,,,,,,,,,,741,395
    ,FFL2-PADMA,18,2024/16814 CA::T1,2223465-2142803-36 5 PCS TRUNK,368,,280,400,400,400,400,,196,,,,,,,,,,,2076,399
    ,FFL2-PADMA,18,2024/21226 CA::T3,2231282-02 3PCS TRUNK,388,03-Feb,03-May,,,,,,,,,,,,,,,,,524,399
    ,FFL2-PADMA,19,2024/18023 CA::T3,2167501-2215076-30 3PCS TRUNK,395,300,400,800,400,400,400,200,200,,,,,,,,,,,3100,398
    ,FFL2-PADMA,20,2024/17266 NEXT::B5-PASTEL PARCHMENT AOP,E87094 HIPS 7P DITSY BLUE,344,180,250,306,,260,,,,,,,,,,,,,,996,307
    ,FFL2-PADMA,20,2024/17266 NEXT::B6-JET STEAM AOP,E87094 HIPS 7P DITSY BLUE,287,,,,,,253,400,411,,,,,,,,,,,1064,307
    ,FFL2-PADMA,21,2024/17642 CA::T1,2167502-2215077-31 3 PCS TRUNK,382,196,,,,,,,400,,,,,,,,,,,596,429
    ,FFL2-PADMA,21,2024/17906 CA::T2,2203413-2215089-14 3PCSTRUNK,382,400,400,400,,400,404,400,,,,,,,,,,,,2404,429
    ,FFL2-PADMA,22,2024/16766 CA::T1,2167497-2215075-32 3 PCS TRUNK,326,380,400,400,400,400,400,300,320,,,,,,,,,,,3000,375
    ,FFL2-PADMA,23,2024/11188 CA::T2,2209174-07 5PCS TRUNK,186,134,,,,,,,,,,,,,,,,,,134,396
    ,FFL2-PADMA,23,2024/11188 CA::T3,2209174-07 5PCS TRUNK,371,170,300,351,246,,,,,,,,,,,,,,,1067,396
    ,FFL2-PADMA,23,2024/11188 CA::T4,2209174-07 5PCS TRUNK,371,,100,,154,350,550,,445,,,,,,,,,,,1599,396
    ,FFL2-PADMA,24,2024/21279 CA::T-02,2230739-02 3PCS SLIP,230,300,350,300,350,320,150,150,160,100,100,100,,,,,,,,2380,278
  ,MC#170Op#176Hp#36Line#8     Total Production of FFL2-PADMA,,,,5310,2860,3013,3357,2268,2819,3050,1850,2473,100,100,100,0,0,0,0,0,0,0,21990,
  ,"Cutting Sticker Remove (Op#0 / Hp#2) , Elastic Turn over (Op#0 / Hp#2) , Scissoring (Op#0 / Hp#1)",,,,"TOTAL OFT-Op#0, Hp#5",,,,,,,,,,,,,,,,,,,,
-,Unit,Line,Order No,Style Name,TGT,08-Sep,09-Oct,10-Nov,11-Dec,Dec-13,14-15,15-16,16-17,17-18,18-19,19-20,20-21,21-22,22-23,23-24,12-1(N),1-2(N),2-3(N),Total,Avg.Prod.
    ,FFL2-MEGHNA,9,2024/11188 CA::T3,2209174-07 5PCS TRUNK,371,300,350,400,400,380,361,400,377,,,,,,,,,,,2968,425
    ,FFL2-MEGHNA,9,2024/17973 CA::T1,2142764-2223461-35 3PCS TRUNK,174,,,,,,100,,,432,,,,,,,,,,532,425
    ,FFL2-MEGHNA,10,2024/17896 CA::T2,2203410-2215088-14 3PCSTRUNK,66,186,,,,,,,,,,,,,,,,,,186,474
    ,FFL2-MEGHNA,10,2024/17896 CA::T3,2203410-2215088-14 3PCSTRUNK,382,24-Apr,15-Dec,14-Jan,14-Jan,Jan-01,380,380,344,,,,,,,,,,,2709,474
    ,FFL2-MEGHNA,10,2024/17906 CA::T3,2203413-2215089-14 3PCSTRUNK,132,105,,,,,,,,500,,,,,,,,,,605,474
    ,FFL2-MEGHNA,11,2024/19269 CA::B1- SIMPLY BLACK,2224411 MICRO HIPSTER 3 PCS..,401,180,200,200,220,230,250,260,270,250,252,488,,,,,,,,2800,324
    ,FFL2-MEGHNA,12,2024/19032 CA::B3-STORM WHITE,2224409 MICRO BRIEF 3PCS,414,,,,,,,,330,127,,,,,,,,,,457,438
    ,FFL2-MEGHNA,12,2024/22199 CA::B1-SIMPLY BLACK,2224409 MICRO BRIEF 3PCS..,414,290,300,370,370,370,380,450,,,,,,,,,,,,2530,438
    ,FFL2-MEGHNA,12,2024/22199 CA::B2-SIMPLY BLACK,2224409 MICRO BRIEF 3PCS..,224,29-May,,,,,63,,,,450,,,,,,,,,663,438
    ,FFL2-MEGHNA,13,2024/21056 CA::B1 CLASSIC BLACK,2229972 PISA 3PP FULL BRIEF(DRIED SAGE),379,200,250,250,260,270,280,300,300,300,280,410,,,,,,,,3100,364
    ,FFL2-MEGHNA,14,2024/11188 CA::T5,2209174-07 5PCS TRUNK,343,450,300,350,350,350,558,401,370,,,,,,,,,,,3129,461
    ,FFL2-MEGHNA,14,2024/18082 CA::T5,2143266-2215067-30 5PCS TRUNK,44,,,,,,,,,271,,,,,,,,,,271,461
    ,FFL2-MEGHNA,15,2024/15188 CA::B3- CLASSIC BLACK,2228011R5 KB BOXER 7 PCS,306,18-Jul,18-Jul,07-Aug,16-Sep,Aug-00,36,,,,,,,,,,,,,1142,243
    ,FFL2-MEGHNA,15,2024/15188 CA::B4- CLASSIC BLACK,2228011R5 KB BOXER 7 PCS,280,,,,,,230,200,250,150,178,,,,,,,,,1008,243
    ,FFL2-MEGHNA,16,2024/16814 CA::T5,2223465-2142803-36 5 PCS TRUNK,358,300,300,300,350,350,360,356,,,,,,,,,,,,2316,427
    ,FFL2-MEGHNA,16,2024/17906 CA::T1,2203413-2215089-14 3PCSTRUNK,341,,150,,,,150,,300,334,,,,,,,,,,934,427
  ,MC#165Op#165Hp#45Line#8     Total Production of FFL2-MEGHNA,,,,4629,2476,2400,2470,2590,2556,3148,2747,2541,2364,1160,898,0,0,0,0,0,0,0,25350,
  ,"Cutting Sticker Remove (Op#1 / Hp#3) , Working At Cutting (Op#2 / Hp#1) , Working At Finishing (Op#1 / Hp#3)",,,,"TOTAL OFT-Op#4, Hp#7",,,,,,,,,,,,,,,,,,,,
-,Unit,Line,Order No,Style Name,TGT,08-Sep,09-Oct,10-Nov,11-Dec,Dec-13,14-15,15-16,16-17,17-18,18-19,19-20,20-21,21-22,22-23,23-24,12-1(N),1-2(N),2-3(N),Total,Avg.Prod.
    ,FFL2-JAMUNA,1,2024/23036 HM::ALT 1 51-204,309914 ROSIE LIC BOXER 5PACK KG (PACK 2),471,300,300,370,380,354,300,350,354,,,,,,,,,,,2708,505
    ,FFL2-JAMUNA,1,2024/23036 HM::ALT 4 11-112AOP,309914 ROSIE LIC BOXER 5PACK KG (PACK 2),332,,,,,,,,,300,342,500,450,500,,,,,,2092,505
    ,FFL2-JAMUNA,2,2024/14413 HM::ALT 4 11-107AOP,556765 ROSIE BOXER KG 5PACK(PACK 4),191,,,,,,,,,180,200,500,506,,,,,,,1386,460
    ,FFL2-JAMUNA,2,2024/21090 HM::ALT 3 97-120,285346 ROSIE LIC BOXER 5PACK KG (PACK-6),91,,,,,,,,,,,,,199,,,,,,199,460
    ,FFL2-JAMUNA,2,2024/23036 HM::ALT 4 11-112AOP,309914 ROSIE LIC BOXER 5PACK KG (PACK 2),425,300,300,380,380,350,300,400,300,320,385,,,,,,,,,3415,460
    ,FFL2-JAMUNA,3,2024/11188 CA::T4,2209174-07 5PCS TRUNK,308,142,201,258,78,,,,,,,,,,,,,,,679,296
    ,FFL2-JAMUNA,3,2024/11188 CA::T5,2209174-07 5PCS TRUNK,157,,,,26-May,,,,,,,,,,,,,,,147,296
    ,FFL2-JAMUNA,3,2024/18057 CA::T1,2142765-2223590-28 3 PCS TRUNK,288,,,,,250,280,280,300,280,234,,,,,,,,,1624,296
    ,FFL2-JAMUNA,4,2024/20143 CA::B2-FLAME,2234631 TB MP PAW PATROL,72,,,,,,,,,,250,329,,,,,,,,579,338
    ,FFL2-JAMUNA,4,2024/20143 CA::B3-ESTATE BLUE,2234631 TB MP PAW PATROL,417,183,91,,,,,,,,,,,,,,,,,274,338
    ,FFL2-JAMUNA,4,2024/20143 CA::B7-SKYDIVER,2234631 TB MP PAW PATROL,417,,09-May,300,300,320,350,300,300,227,,,,,,,,,,2227,338
    ,FFL2-JAMUNA,5,2024/23612 NEXT::TOP,AB4628-1 CAMI L 5PK WHITE LAC-1,414,180,200,280,300,317,301,300,300,280,300,350,450,442,,,,,,4000,452
    ,FFL2-JAMUNA,6,2024/20430 CA::B1-LYCHEE AOP,2235333 TB BOXER SPIDERMAN 3XBOXER MF DOF 2225560,335,250,300,240,300,300,331,220,250,300,280,29,,,,,,,,2800,362
    ,FFL2-JAMUNA,7,2024/15449 NEXT::B7-WHITE ALYSSUM-1,E87111 BRF 10P AOP BLUE BOW,415,300,300,250,300,302,322,118,,,,,,,,,,,,1892,332
    ,FFL2-JAMUNA,7,2024/15449 NEXT::B9-WHITE ALYSSUM-2,E87111 BRF 10P AOP BLUE BOW,190,,,,,,,184,,,,,,,,,,,,184,332
    ,FFL2-JAMUNA,7,2024/17827 NEXT::B1-WHITE ALYSSUM,E88275 BRF 10P SEMI PLAIN L,292,,,,,,,,300,300,280,244,,,,,,,,1124,332
    ,FFL2-JAMUNA,8,2024/23036 HM::ALT 3 11-112,309914 ROSIE LIC BOXER 5PACK KG (PACK 2),441,280,300,300,300,300,330,350,300,300,430,400,400,310,,,,,,4300,402
  ,MC#172Op#173Hp#43Line#8     Total Production of FFL2-JAMUNA,,,,5256,1935,2122,2378,2485,Oct-06,2514,2502,2404,2487,2701,2352,1806,1451,0,0,0,0,0,29630,
  ,Elastic Turn over (Op#0 / Hp#3),,,,"TOTAL OFT-Op#0, Hp#3",,,,,,,,,,,,,,,,,,,,
-,Unit,Line,Order No,Style Name,TGT,08-Sep,09-Oct,10-Nov,11-Dec,Dec-13,14-15,15-16,16-17,17-18,18-19,19-20,20-21,21-22,22-23,23-24,12-1(N),1-2(N),2-3(N),Total,Avg.Prod.
    ,FFL2-KARNAPHULI,33,2024/21348 HM::TOP 1 10-201,284646-284971 ELLEN PADDED MILANO,129,68,70,70,70,80,80,80,90,100,102,160,130,50,25,25,,,,1200,96
    ,FFL2-KARNAPHULI,34,2024/20403 CA::S2-BRIGHT WHITE,2230539 TG SINGLET 2X LICENSE DOF 2230543,397,50,50,70,100,100,100,120,130,20,30,30,,,,,,,,800,77
    ,FFL2-KARNAPHULI,35,2024/20447 CA::B1-BLUE LIGHT,2230513 TG 7 BRIEFS LICENSE DOF 2230517,639,350,400,450,450,450,450,500,500,450,483,65,,,,,,,,4548,594
    ,FFL2-KARNAPHULI,35,2024/20447 CA::B7-BRIGHT WHITE 2,2230513 TG 7 BRIEFS LICENSE DOF 2230517,292,,,,,,,,,,,500,500,500,252,400,,,,2152,594
    ,FFL2-KARNAPHULI,36,2024/11953 HM::TOP 2,765465 ELLEN 2P WLESS LIMON,138,19-Feb,20-Mar,100,100,100,100,120,112,138,260,,,,,,,,,1160,144
    ,FFL2-KARNAPHULI,37,2024/19761 CA::GREY 5,2239756 MELISANDRENW1 BRA,92,20,30,20,20,20,30,40,40,60,70,100,80,80,40,35,,,,685,52
    ,FFL2-KARNAPHULI,38,2024/19753 CA::GREEN HARBOUR,2239754 MELISANDREDM1 BRA,57,38,,,,,,,,,,,,,,,,,,38,94
    ,FFL2-KARNAPHULI,38,2024/19753 CA::GREY 5,2239754 MELISANDREDM1 BRA,90,12,60,50,60,60,60,70,100,100,100,140,100,100,25,25,,,,1062,94
    ,FFL2-KARNAPHULI,39,2024/23045 HM::ALT 2 27-101 AOP,309913 ROSIE LIC BOXER 5PACK KG (PACK-6),465,380,400,300,350,400,450,472,110,,,,,,,,,,,2862,477
    ,FFL2-KARNAPHULI,39,2024/23045 HM::ALT 4 27-101 AOP,309913 ROSIE LIC BOXER 5PACK KG (PACK-6),213,,,,,,,,300,450,288,100,100,100,,,,,,1338,477
  ,MC#210Op#206Hp#49Line#7     Total Production of FFL2-KARNAPHULI,,,,2512,968,1090,1060,1150,1210,1270,1402,1382,1318,1333,1095,910,830,342,485,0,0,0,15845,
  ,"Cutting Sticker Remove (Op#0 / Hp#1) , Elastic Turn over (Op#0 / Hp#1)",,,,"TOTAL OFT-Op#0, Hp#2",,,,,,,,,,,,,,,,,,,,
,,,,,,,,,,,,,,,,,,,,,,,,,
,,,,,,,,,,,,,,,,,,,,,,,,,
,,,,,,,,,,,,,,,,,,,,,,,,,
,,,,,,,,,,,,,,,,,,,,,,,,,
,,,,,,,,,,,,,,,,,,,,,,,,,
,,,,,,,,,,,,,,,,,,,,,,,,,
,,,,,,,,,,,,,,,,,,,,,,,,,
,,,,,,,,,,,,,,,,,,,,,,,,,
,,,,,,,,,,,,,,,,,,,,,,,,,
,,,,,,,,,,,,,,,,,,,,,,,,,
,,,,,,,,,,,,,,,,,,,,,,,,,
,,,,,,,,,,,,,,,,,,,,,,,,,
,,,,,,,,,,,,,,,,,,,,,,,,,
,,,,,,,,,,,,,,,,,,,,,,,,,
,,,,,,,,,,,,,,,,,,,,,,,,,
,,,,,,,,,,,,,,,,,,,,,,,,,
,,,,,,,,,,,,,,,,,,,,,,,,,
,,,,,,,,,,,,,,,,,,,,,,,,,
,,,,,,,,,,,,,,,,,,,,,,,,,
,,,,,,,,,,,,,,,,,,,,,,,,,
,,,,,,,,,,,,,,,,,,,,,,,,,
,,,,,,,,,,,,,,,,,,,,,,,,,
,,,,,,,,,,,,,,,,,,,,,,,,,
,,,,,,,,,,,,,,,,,,,,,,,,,
,,,,,,,,,,,,,,,,,,,,,,,,,
,,,,,,,,,,,,,,,,,,,,,,,,,
,,,,,,,,,,,,,,,,,,,,,,,,,
,,,,,,,,,,,,,,,,,,,,,,,,,
,,,,,,,,,,,,,,,,,,,,,,,,,
,,,,,,,,,,,,,,,,,,,,,,,,,
,,,,,,,,,,,,,,,,,,,,,,,,,
,,,,,,,,,,,,,,,,,,,,,,,,,
,,,,,,,,,,,,,,,,,,,,,,,,,
,,,,,,,,,,,,,,,,,,,,,,,,,
,,,,,,,,,,,,,,,,,,,,,,,,,
,,,,,,,,,,,,,,,,,,,,,,,,,
,,,,,,,,,,,,,,,,,,,,,,,,,
,,,,,,,,,,,,,,,,,,,,,,,,,
,,,,,,,,,,,,,,,,,,,,,,,,,
,,,,,,,,,,,,,,,,,,,,,,,,,
,,,,,,,,,,,,,,,,,,,,,,,,,
,,,,,,,,,,,,,,,,,,,,,,,,,
,,,,,,,,,,,,,,,,,,,,,,,,,
,,,,,,,,,,,,,,,,,,,,,,,,,
,,,,,,,,,,,,,,,,,,,,,,,,,
